0, temp    , 1670704720801866, 38
0, memUtil , 1670704719956437, 0
0, memUtil , 1670704720123415, 0
0, memUtil , 1670704720290390, 0
0, memUtil , 1670704720457369, 0
0, memUtil , 1670704720624368, 0
0, memUtil , 1670704720791324, 0
0, gpuUtil , 1670704719956437, 0
0, gpuUtil , 1670704720123415, 0
0, gpuUtil , 1670704720290390, 0
0, gpuUtil , 1670704720457369, 0
0, gpuUtil , 1670704720624368, 0
0, gpuUtil , 1670704720791324, 0
0, encUtil , 1670704719956437, 0
0, encUtil , 1670704720123415, 0
0, encUtil , 1670704720290390, 0
0, encUtil , 1670704720457369, 0
0, encUtil , 1670704720624368, 0
0, encUtil , 1670704720791324, 0
0, decUtil , 1670704719956437, 0
0, decUtil , 1670704720123415, 0
0, decUtil , 1670704720290390, 0
0, decUtil , 1670704720457369, 0
0, decUtil , 1670704720624368, 0
0, decUtil , 1670704720791324, 0
0, violPwr , 1670704720806985, 0
0, violThm , 1670704720807429, 0
0, pwrDraw , 1670704721568455, 28
0, temp    , 1670704721808792, 38
0, memUtil , 1670704720958301, 0
0, memUtil , 1670704721125278, 0
0, memUtil , 1670704721292253, 0
0, memUtil , 1670704721459233, 0
0, memUtil , 1670704721626241, 0
0, memUtil , 1670704721793256, 0
0, gpuUtil , 1670704720958301, 0
0, gpuUtil , 1670704721125278, 0
0, gpuUtil , 1670704721292253, 0
0, gpuUtil , 1670704721459233, 0
0, gpuUtil , 1670704721626241, 0
0, gpuUtil , 1670704721793256, 0
0, encUtil , 1670704720958301, 0
0, encUtil , 1670704721125278, 0
0, encUtil , 1670704721292253, 0
0, encUtil , 1670704721459233, 0
0, encUtil , 1670704721626241, 0
0, encUtil , 1670704721793256, 0
0, decUtil , 1670704720958301, 0
0, decUtil , 1670704721125278, 0
0, decUtil , 1670704721292253, 0
0, decUtil , 1670704721459233, 0
0, decUtil , 1670704721626241, 0
0, decUtil , 1670704721793256, 0
0, violPwr , 1670704721813684, 0
0, violThm , 1670704721814032, 0
0, temp    , 1670704722823271, 38
0, memUtil , 1670704721960249, 0
0, memUtil , 1670704722127203, 0
0, memUtil , 1670704722294178, 0
0, memUtil , 1670704722461158, 0
0, memUtil , 1670704722628133, 0
0, memUtil , 1670704722795110, 0
0, gpuUtil , 1670704721960249, 0
0, gpuUtil , 1670704722127203, 0
0, gpuUtil , 1670704722294178, 0
0, gpuUtil , 1670704722461158, 0
0, gpuUtil , 1670704722628133, 0
0, gpuUtil , 1670704722795110, 0
0, encUtil , 1670704721960249, 0
0, encUtil , 1670704722127203, 0
0, encUtil , 1670704722294178, 0
0, encUtil , 1670704722461158, 0
0, encUtil , 1670704722628133, 0
0, encUtil , 1670704722795110, 0
0, decUtil , 1670704721960249, 0
0, decUtil , 1670704722127203, 0
0, decUtil , 1670704722294178, 0
0, decUtil , 1670704722461158, 0
0, decUtil , 1670704722628133, 0
0, decUtil , 1670704722795110, 0
0, violPwr , 1670704722828174, 0
0, violThm , 1670704722828546, 0
0, temp    , 1670704723830417, 38
0, memUtil , 1670704722962090, 0
0, memUtil , 1670704723129067, 0
0, memUtil , 1670704723296069, 0
0, memUtil , 1670704723463022, 0
0, memUtil , 1670704723629998, 0
0, memUtil , 1670704723796975, 0
0, gpuUtil , 1670704722962090, 0
0, gpuUtil , 1670704723129067, 0
0, gpuUtil , 1670704723296069, 0
0, gpuUtil , 1670704723463022, 0
0, gpuUtil , 1670704723629998, 0
0, gpuUtil , 1670704723796975, 0
0, encUtil , 1670704722962090, 0
0, encUtil , 1670704723129067, 0
0, encUtil , 1670704723296069, 0
0, encUtil , 1670704723463022, 0
0, encUtil , 1670704723629998, 0
0, encUtil , 1670704723796975, 0
0, decUtil , 1670704722962090, 0
0, decUtil , 1670704723129067, 0
0, decUtil , 1670704723296069, 0
0, decUtil , 1670704723463022, 0
0, decUtil , 1670704723629998, 0
0, decUtil , 1670704723796975, 0
0, violPwr , 1670704723835415, 0
0, violThm , 1670704723835829, 0
0, temp    , 1670704724837731, 38
0, memUtil , 1670704723963955, 0
0, memUtil , 1670704724130932, 0
0, memUtil , 1670704724297910, 0
0, memUtil , 1670704724464887, 0
0, memUtil , 1670704724631888, 0
0, memUtil , 1670704724798842, 0
0, gpuUtil , 1670704723963955, 0
0, gpuUtil , 1670704724130932, 0
0, gpuUtil , 1670704724297910, 0
0, gpuUtil , 1670704724464887, 0
0, gpuUtil , 1670704724631888, 0
0, gpuUtil , 1670704724798842, 0
0, encUtil , 1670704723963955, 0
0, encUtil , 1670704724130932, 0
0, encUtil , 1670704724297910, 0
0, encUtil , 1670704724464887, 0
0, encUtil , 1670704724631888, 0
0, encUtil , 1670704724798842, 0
0, decUtil , 1670704723963955, 0
0, decUtil , 1670704724130932, 0
0, decUtil , 1670704724297910, 0
0, decUtil , 1670704724464887, 0
0, decUtil , 1670704724631888, 0
0, decUtil , 1670704724798842, 0
0, violPwr , 1670704724842671, 0
0, violThm , 1670704724843108, 0
0, temp    , 1670704725844962, 38
0, memUtil , 1670704724798958, 0
0, memUtil , 1670704724965940, 0
0, memUtil , 1670704725132923, 0
0, memUtil , 1670704725299905, 0
0, memUtil , 1670704725466887, 0
0, memUtil , 1670704725633867, 0
0, memUtil , 1670704725800849, 0
0, gpuUtil , 1670704724798958, 0
0, gpuUtil , 1670704724965940, 0
0, gpuUtil , 1670704725132923, 0
0, gpuUtil , 1670704725299905, 0
0, gpuUtil , 1670704725466887, 0
0, gpuUtil , 1670704725633867, 0
0, gpuUtil , 1670704725800849, 0
0, encUtil , 1670704724798958, 0
0, encUtil , 1670704724965940, 0
0, encUtil , 1670704725132923, 0
0, encUtil , 1670704725299905, 0
0, encUtil , 1670704725466887, 0
0, encUtil , 1670704725633867, 0
0, encUtil , 1670704725800849, 0
0, decUtil , 1670704724798958, 0
0, decUtil , 1670704724965940, 0
0, decUtil , 1670704725132923, 0
0, decUtil , 1670704725299905, 0
0, decUtil , 1670704725466887, 0
0, decUtil , 1670704725633867, 0
0, decUtil , 1670704725800849, 0
0, violPwr , 1670704725849840, 0
0, violThm , 1670704725850147, 0
0, pwrDraw , 1670704726568597, 28
0, temp    , 1670704726852042, 38
0, memUtil , 1670704725967857, 0
0, memUtil , 1670704726134817, 0
0, memUtil , 1670704726301798, 0
0, memUtil , 1670704726468780, 0
0, memUtil , 1670704726635821, 0
0, memUtil , 1670704726802814, 0
0, gpuUtil , 1670704725967857, 0
0, gpuUtil , 1670704726134817, 0
0, gpuUtil , 1670704726301798, 0
0, gpuUtil , 1670704726468780, 0
0, gpuUtil , 1670704726635821, 0
0, gpuUtil , 1670704726802814, 0
0, encUtil , 1670704725967857, 0
0, encUtil , 1670704726134817, 0
0, encUtil , 1670704726301798, 0
0, encUtil , 1670704726468780, 0
0, encUtil , 1670704726635821, 0
0, encUtil , 1670704726802814, 0
0, decUtil , 1670704725967857, 0
0, decUtil , 1670704726134817, 0
0, decUtil , 1670704726301798, 0
0, decUtil , 1670704726468780, 0
0, decUtil , 1670704726635821, 0
0, decUtil , 1670704726802814, 0
0, violPwr , 1670704726856886, 0
0, violThm , 1670704726857210, 0
0, temp    , 1670704727865464, 38
0, memUtil , 1670704726969787, 0
0, memUtil , 1670704727136770, 0
0, memUtil , 1670704727303775, 0
0, memUtil , 1670704727470734, 0
0, memUtil , 1670704727637714, 0
0, memUtil , 1670704727804697, 0
0, gpuUtil , 1670704726969787, 0
0, gpuUtil , 1670704727136770, 0
0, gpuUtil , 1670704727303775, 0
0, gpuUtil , 1670704727470734, 0
0, gpuUtil , 1670704727637714, 0
0, gpuUtil , 1670704727804697, 0
0, encUtil , 1670704726969787, 0
0, encUtil , 1670704727136770, 0
0, encUtil , 1670704727303775, 0
0, encUtil , 1670704727470734, 0
0, encUtil , 1670704727637714, 0
0, encUtil , 1670704727804697, 0
0, decUtil , 1670704726969787, 0
0, decUtil , 1670704727136770, 0
0, decUtil , 1670704727303775, 0
0, decUtil , 1670704727470734, 0
0, decUtil , 1670704727637714, 0
0, decUtil , 1670704727804697, 0
0, violPwr , 1670704727870690, 0
0, violThm , 1670704727871016, 0
0, pwrDraw , 1670704728188949, 31
0, pwrDraw , 1670704728268656, 52
0, pwrDraw , 1670704728368753, 63
0, pwrDraw , 1670704728468624, 67
0, pwrDraw , 1670704728568749, 68
0, pwrDraw , 1670704728668661, 69
0, pwrDraw , 1670704728768708, 69
0, pwrDraw , 1670704728868760, 69
0, temp    , 1670704728878498, 39
0, memUtil , 1670704728305981, 1
0, memUtil , 1670704728473024, 0
0, memUtil , 1670704728640051, 0
0, memUtil , 1670704728807016, 0
0, memUtil , 1670704727971681, 0
0, gpuUtil , 1670704728305981, 31
0, gpuUtil , 1670704728473024, 10
0, gpuUtil , 1670704728640051, 0
0, gpuUtil , 1670704728807016, 0
0, gpuUtil , 1670704727971681, 0
0, encUtil , 1670704728305981, 0
0, encUtil , 1670704728473024, 0
0, encUtil , 1670704728640051, 0
0, encUtil , 1670704728807016, 0
0, encUtil , 1670704727971681, 0
0, decUtil , 1670704728305981, 0
0, decUtil , 1670704728473024, 0
0, decUtil , 1670704728640051, 0
0, decUtil , 1670704728807016, 0
0, decUtil , 1670704727971681, 0
0, procClk , 1670704728186663, 1002
0, memClk  , 1670704728186663, 3004
0, violPwr , 1670704728883801, 0
0, violThm , 1670704728884082, 0
0, pwrDraw , 1670704728969255, 80
0, pwrDraw , 1670704729069171, 87
0, pwrDraw , 1670704729168834, 92
0, pwrDraw , 1670704729268768, 104
0, pwrDraw , 1670704729368786, 110
0, pwrDraw , 1670704729468762, 126
0, pwrDraw , 1670704729568802, 116
0, pwrDraw , 1670704729668854, 122
0, pwrDraw , 1670704729768746, 116
0, pwrDraw , 1670704729868773, 116
0, temp    , 1670704729891270, 45
0, memUtil , 1670704728305981, 1
0, memUtil , 1670704728473024, 0
0, memUtil , 1670704728640051, 0
0, memUtil , 1670704728807016, 0
0, memUtil , 1670704728974030, 12
0, memUtil , 1670704729141012, 27
0, memUtil , 1670704729308032, 28
0, memUtil , 1670704729475098, 28
0, memUtil , 1670704729642101, 26
0, memUtil , 1670704729809092, 26
0, gpuUtil , 1670704728305981, 31
0, gpuUtil , 1670704728473024, 10
0, gpuUtil , 1670704728640051, 0
0, gpuUtil , 1670704728807016, 0
0, gpuUtil , 1670704728974030, 33
0, gpuUtil , 1670704729141012, 87
0, gpuUtil , 1670704729308032, 89
0, gpuUtil , 1670704729475098, 84
0, gpuUtil , 1670704729642101, 82
0, gpuUtil , 1670704729809092, 81
0, encUtil , 1670704728305981, 0
0, encUtil , 1670704728473024, 0
0, encUtil , 1670704728640051, 0
0, encUtil , 1670704728807016, 0
0, encUtil , 1670704728974030, 0
0, encUtil , 1670704729141012, 0
0, encUtil , 1670704729308032, 0
0, encUtil , 1670704729475098, 0
0, encUtil , 1670704729642101, 0
0, encUtil , 1670704729809092, 0
0, decUtil , 1670704728305981, 0
0, decUtil , 1670704728473024, 0
0, decUtil , 1670704728640051, 0
0, decUtil , 1670704728807016, 0
0, decUtil , 1670704728974030, 0
0, decUtil , 1670704729141012, 0
0, decUtil , 1670704729308032, 0
0, decUtil , 1670704729475098, 0
0, decUtil , 1670704729642101, 0
0, decUtil , 1670704729809092, 0
0, procClk , 1670704729143164, 1114
0, procClk , 1670704729310128, 1202
0, memClk  , 1670704729143164, 3004
0, memClk  , 1670704729310128, 3004
0, violPwr , 1670704729896165, 0
0, violThm , 1670704729896393, 0
0, pwrDraw , 1670704730668849, 130
0, pwrDraw , 1670704730768986, 119
0, pwrDraw , 1670704730868835, 125
0, pwrDraw , 1670704729968884, 127
0, pwrDraw , 1670704730068772, 120
0, pwrDraw , 1670704730168875, 129
0, pwrDraw , 1670704730268890, 117
0, pwrDraw , 1670704730368843, 119
0, pwrDraw , 1670704730468855, 122
0, temp    , 1670704730904611, 46
0, memUtil , 1670704729976119, 26
0, memUtil , 1670704730143086, 26
0, memUtil , 1670704730310091, 26
0, memUtil , 1670704730477111, 26
0, memUtil , 1670704730644145, 26
0, memUtil , 1670704730811166, 25
0, gpuUtil , 1670704729976119, 81
0, gpuUtil , 1670704730143086, 81
0, gpuUtil , 1670704730310091, 81
0, gpuUtil , 1670704730477111, 81
0, gpuUtil , 1670704730644145, 81
0, gpuUtil , 1670704730811166, 81
0, encUtil , 1670704729976119, 0
0, encUtil , 1670704730143086, 0
0, encUtil , 1670704730310091, 0
0, encUtil , 1670704730477111, 0
0, encUtil , 1670704730644145, 0
0, encUtil , 1670704730811166, 0
0, decUtil , 1670704729976119, 0
0, decUtil , 1670704730143086, 0
0, decUtil , 1670704730310091, 0
0, decUtil , 1670704730477111, 0
0, decUtil , 1670704730644145, 0
0, decUtil , 1670704730811166, 0
0, violPwr , 1670704730909469, 0
0, violThm , 1670704730909695, 0
0, pwrDraw , 1670704730668849, 130
0, pwrDraw , 1670704730768986, 119
0, pwrDraw , 1670704730868835, 125
0, pwrDraw , 1670704730968877, 117
0, pwrDraw , 1670704731068814, 116
0, pwrDraw , 1670704731168873, 126
0, pwrDraw , 1670704731268922, 121
0, pwrDraw , 1670704731369034, 133
0, pwrDraw , 1670704731468850, 119
0, pwrDraw , 1670704731568964, 122
0, pwrDraw , 1670704731668827, 118
0, pwrDraw , 1670704731768945, 121
0, pwrDraw , 1670704731868856, 130
0, temp    , 1670704731918275, 48
0, memUtil , 1670704730978140, 25
0, memUtil , 1670704731145122, 26
0, memUtil , 1670704731312167, 27
0, memUtil , 1670704731479117, 27
0, memUtil , 1670704731646162, 27
0, memUtil , 1670704731813171, 27
0, gpuUtil , 1670704730978140, 81
0, gpuUtil , 1670704731145122, 81
0, gpuUtil , 1670704731312167, 81
0, gpuUtil , 1670704731479117, 81
0, gpuUtil , 1670704731646162, 81
0, gpuUtil , 1670704731813171, 81
0, encUtil , 1670704730978140, 0
0, encUtil , 1670704731145122, 0
0, encUtil , 1670704731312167, 0
0, encUtil , 1670704731479117, 0
0, encUtil , 1670704731646162, 0
0, encUtil , 1670704731813171, 0
0, decUtil , 1670704730978140, 0
0, decUtil , 1670704731145122, 0
0, decUtil , 1670704731312167, 0
0, decUtil , 1670704731479117, 0
0, decUtil , 1670704731646162, 0
0, decUtil , 1670704731813171, 0
0, violPwr , 1670704731923343, 0
0, violThm , 1670704731923609, 0
0, pwrDraw , 1670704731968858, 120
0, pwrDraw , 1670704732068968, 128
0, pwrDraw , 1670704732168985, 118
0, pwrDraw , 1670704732268897, 118
0, pwrDraw , 1670704732368995, 125
0, pwrDraw , 1670704732468844, 122
0, pwrDraw , 1670704732568917, 133
0, pwrDraw , 1670704732668862, 120
0, pwrDraw , 1670704732768885, 124
0, pwrDraw , 1670704732869003, 118
0, temp    , 1670704732933150, 49
0, memUtil , 1670704731980161, 27
0, memUtil , 1670704732147136, 27
0, memUtil , 1670704732314156, 27
0, memUtil , 1670704732481130, 27
0, memUtil , 1670704732648166, 27
0, memUtil , 1670704732815133, 27
0, gpuUtil , 1670704731980161, 81
0, gpuUtil , 1670704732147136, 81
0, gpuUtil , 1670704732314156, 81
0, gpuUtil , 1670704732481130, 81
0, gpuUtil , 1670704732648166, 81
0, gpuUtil , 1670704732815133, 81
0, encUtil , 1670704731980161, 0
0, encUtil , 1670704732147136, 0
0, encUtil , 1670704732314156, 0
0, encUtil , 1670704732481130, 0
0, encUtil , 1670704732648166, 0
0, encUtil , 1670704732815133, 0
0, decUtil , 1670704731980161, 0
0, decUtil , 1670704732147136, 0
0, decUtil , 1670704732314156, 0
0, decUtil , 1670704732481130, 0
0, decUtil , 1670704732648166, 0
0, decUtil , 1670704732815133, 0
0, violPwr , 1670704732938981, 0
0, violThm , 1670704732939273, 0
0, pwrDraw , 1670704732968858, 118
0, pwrDraw , 1670704733068898, 129
0, pwrDraw , 1670704733169037, 121
0, pwrDraw , 1670704733268908, 130
0, pwrDraw , 1670704733368954, 119
0, pwrDraw , 1670704733468852, 120
0, pwrDraw , 1670704733568947, 125
0, pwrDraw , 1670704733668983, 122
0, pwrDraw , 1670704733768914, 133
0, pwrDraw , 1670704733868941, 120
0, temp    , 1670704733941549, 50
0, memUtil , 1670704732982137, 27
0, memUtil , 1670704733149125, 27
0, memUtil , 1670704733316140, 27
0, memUtil , 1670704733483114, 25
0, memUtil , 1670704733650157, 25
0, memUtil , 1670704733817179, 28
0, gpuUtil , 1670704732982137, 81
0, gpuUtil , 1670704733149125, 81
0, gpuUtil , 1670704733316140, 81
0, gpuUtil , 1670704733483114, 81
0, gpuUtil , 1670704733650157, 81
0, gpuUtil , 1670704733817179, 82
0, encUtil , 1670704732982137, 0
0, encUtil , 1670704733149125, 0
0, encUtil , 1670704733316140, 0
0, encUtil , 1670704733483114, 0
0, encUtil , 1670704733650157, 0
0, encUtil , 1670704733817179, 0
0, decUtil , 1670704732982137, 0
0, decUtil , 1670704733149125, 0
0, decUtil , 1670704733316140, 0
0, decUtil , 1670704733483114, 0
0, decUtil , 1670704733650157, 0
0, decUtil , 1670704733817179, 0
0, violPwr , 1670704733946733, 0
0, violThm , 1670704733947010, 0
0, pwrDraw , 1670704733969052, 125
0, pwrDraw , 1670704734068893, 118
0, pwrDraw , 1670704734169000, 118
0, pwrDraw , 1670704734268948, 129
0, pwrDraw , 1670704734369007, 122
0, pwrDraw , 1670704734469095, 131
0, pwrDraw , 1670704734569087, 119
0, pwrDraw , 1670704734669035, 121
0, pwrDraw , 1670704734769129, 124
0, pwrDraw , 1670704734869016, 123
0, temp    , 1670704734954417, 51
0, memUtil , 1670704733984187, 27
0, memUtil , 1670704734151134, 28
0, memUtil , 1670704734318184, 27
0, memUtil , 1670704734485248, 27
0, memUtil , 1670704734652238, 28
0, memUtil , 1670704734819253, 28
0, gpuUtil , 1670704733984187, 82
0, gpuUtil , 1670704734151134, 82
0, gpuUtil , 1670704734318184, 82
0, gpuUtil , 1670704734485248, 82
0, gpuUtil , 1670704734652238, 84
0, gpuUtil , 1670704734819253, 84
0, encUtil , 1670704733984187, 0
0, encUtil , 1670704734151134, 0
0, encUtil , 1670704734318184, 0
0, encUtil , 1670704734485248, 0
0, encUtil , 1670704734652238, 0
0, encUtil , 1670704734819253, 0
0, decUtil , 1670704733984187, 0
0, decUtil , 1670704734151134, 0
0, decUtil , 1670704734318184, 0
0, decUtil , 1670704734485248, 0
0, decUtil , 1670704734652238, 0
0, decUtil , 1670704734819253, 0
0, violPwr , 1670704734959561, 0
0, violThm , 1670704734959810, 0
0, pwrDraw , 1670704734969099, 132
0, pwrDraw , 1670704735069024, 121
0, pwrDraw , 1670704735169105, 126
0, pwrDraw , 1670704735269130, 118
0, pwrDraw , 1670704735369196, 117
0, pwrDraw , 1670704735469070, 129
0, pwrDraw , 1670704735569168, 122
0, pwrDraw , 1670704735669019, 132
0, pwrDraw , 1670704735769104, 120
0, pwrDraw , 1670704735869079, 122
0, temp    , 1670704735961674, 51
0, memUtil , 1670704734986253, 28
0, memUtil , 1670704735153243, 28
0, memUtil , 1670704735320281, 28
0, memUtil , 1670704735487260, 27
0, memUtil , 1670704735654250, 26
0, memUtil , 1670704735821265, 26
0, gpuUtil , 1670704734986253, 84
0, gpuUtil , 1670704735153243, 84
0, gpuUtil , 1670704735320281, 84
0, gpuUtil , 1670704735487260, 82
0, gpuUtil , 1670704735654250, 81
0, gpuUtil , 1670704735821265, 81
0, encUtil , 1670704734986253, 0
0, encUtil , 1670704735153243, 0
0, encUtil , 1670704735320281, 0
0, encUtil , 1670704735487260, 0
0, encUtil , 1670704735654250, 0
0, encUtil , 1670704735821265, 0
0, decUtil , 1670704734986253, 0
0, decUtil , 1670704735153243, 0
0, decUtil , 1670704735320281, 0
0, decUtil , 1670704735487260, 0
0, decUtil , 1670704735654250, 0
0, decUtil , 1670704735821265, 0
0, violPwr , 1670704735966529, 0
0, violThm , 1670704735966760, 0
0, pwrDraw , 1670704735969087, 123
0, pwrDraw , 1670704736069130, 123
0, pwrDraw , 1670704736169149, 132
0, pwrDraw , 1670704736269107, 121
0, pwrDraw , 1670704736369205, 127
0, pwrDraw , 1670704736469106, 119
0, pwrDraw , 1670704736569211, 118
0, pwrDraw , 1670704736669216, 128
0, pwrDraw , 1670704736769185, 122
0, pwrDraw , 1670704736869230, 133
0, temp    , 1670704736969124, 51
0, memUtil , 1670704735988267, 26
0, memUtil , 1670704736155257, 26
0, memUtil , 1670704736322269, 26
0, memUtil , 1670704736489333, 26
0, memUtil , 1670704736656349, 26
0, memUtil , 1670704736823328, 26
0, gpuUtil , 1670704735988267, 81
0, gpuUtil , 1670704736155257, 81
0, gpuUtil , 1670704736322269, 81
0, gpuUtil , 1670704736489333, 81
0, gpuUtil , 1670704736656349, 81
0, gpuUtil , 1670704736823328, 81
0, encUtil , 1670704735988267, 0
0, encUtil , 1670704736155257, 0
0, encUtil , 1670704736322269, 0
0, encUtil , 1670704736489333, 0
0, encUtil , 1670704736656349, 0
0, encUtil , 1670704736823328, 0
0, decUtil , 1670704735988267, 0
0, decUtil , 1670704736155257, 0
0, decUtil , 1670704736322269, 0
0, decUtil , 1670704736489333, 0
0, decUtil , 1670704736656349, 0
0, decUtil , 1670704736823328, 0
0, violPwr , 1670704736973989, 0
0, violThm , 1670704736974230, 0
0, pwrDraw , 1670704736969195, 120
0, pwrDraw , 1670704737069140, 123
0, pwrDraw , 1670704737169260, 122
0, pwrDraw , 1670704737269120, 123
0, pwrDraw , 1670704737369171, 132
0, pwrDraw , 1670704737469253, 122
0, pwrDraw , 1670704737569125, 111
0, pwrDraw , 1670704737669207, 95
0, pwrDraw , 1670704737769104, 89
0, pwrDraw , 1670704737869191, 87
0, pwrDraw , 1670704737969240, 86
0, temp    , 1670704737981712, 50
0, memUtil , 1670704736990319, 26
0, memUtil , 1670704737157292, 27
0, memUtil , 1670704737324312, 27
0, memUtil , 1670704737491287, 27
0, memUtil , 1670704737658277, 6
0, memUtil , 1670704737825288, 0
0, gpuUtil , 1670704736990319, 81
0, gpuUtil , 1670704737157292, 81
0, gpuUtil , 1670704737324312, 81
0, gpuUtil , 1670704737491287, 81
0, gpuUtil , 1670704737658277, 25
0, gpuUtil , 1670704737825288, 0
0, encUtil , 1670704736990319, 0
0, encUtil , 1670704737157292, 0
0, encUtil , 1670704737324312, 0
0, encUtil , 1670704737491287, 0
0, encUtil , 1670704737658277, 0
0, encUtil , 1670704737825288, 0
0, decUtil , 1670704736990319, 0
0, decUtil , 1670704737157292, 0
0, decUtil , 1670704737324312, 0
0, decUtil , 1670704737491287, 0
0, decUtil , 1670704737658277, 0
0, decUtil , 1670704737825288, 0
0, violPwr , 1670704737986606, 0
0, violThm , 1670704737986851, 0
0, pwrDraw , 1670704738069245, 85
0, pwrDraw , 1670704738169219, 85
0, pwrDraw , 1670704738269124, 85
0, pwrDraw , 1670704738369240, 85
0, pwrDraw , 1670704738469230, 86
0, pwrDraw , 1670704738569431, 89
0, pwrDraw , 1670704738669261, 89
0, pwrDraw , 1670704738769401, 89
0, pwrDraw , 1670704738869243, 89
0, pwrDraw , 1670704738969330, 89
0, temp    , 1670704738988747, 49
0, memUtil , 1670704737992327, 0
0, memUtil , 1670704738159284, 0
0, memUtil , 1670704738326294, 0
0, memUtil , 1670704738493301, 2
0, memUtil , 1670704738660404, 3
0, memUtil , 1670704738827422, 0
0, gpuUtil , 1670704737992327, 0
0, gpuUtil , 1670704738159284, 0
0, gpuUtil , 1670704738326294, 0
0, gpuUtil , 1670704738493301, 29
0, gpuUtil , 1670704738660404, 56
0, gpuUtil , 1670704738827422, 0
0, encUtil , 1670704737992327, 0
0, encUtil , 1670704738159284, 0
0, encUtil , 1670704738326294, 0
0, encUtil , 1670704738493301, 0
0, encUtil , 1670704738660404, 0
0, encUtil , 1670704738827422, 0
0, decUtil , 1670704737992327, 0
0, decUtil , 1670704738159284, 0
0, decUtil , 1670704738326294, 0
0, decUtil , 1670704738493301, 0
0, decUtil , 1670704738660404, 0
0, decUtil , 1670704738827422, 0
0, procClk , 1670704738514778, 1202
0, procClk , 1670704738528191, 1202
0, memClk  , 1670704738514778, 3505
0, memClk  , 1670704738528191, 3505
0, violPwr , 1670704738993574, 0
0, violThm , 1670704738993830, 0
0, pwrDraw , 1670704739069261, 89
0, pwrDraw , 1670704739169310, 89
0, pwrDraw , 1670704739269367, 89
0, pwrDraw , 1670704739369499, 89
0, pwrDraw , 1670704739469328, 89
0, pwrDraw , 1670704739569430, 89
0, pwrDraw , 1670704739669276, 89
0, pwrDraw , 1670704739769395, 89
0, pwrDraw , 1670704739869306, 89
0, pwrDraw , 1670704739969377, 89
0, temp    , 1670704739996791, 49
0, memUtil , 1670704738994435, 0
0, memUtil , 1670704739161410, 0
0, memUtil , 1670704739328455, 0
0, memUtil , 1670704739495434, 0
0, memUtil , 1670704739662455, 0
0, memUtil , 1670704739829465, 0
0, memUtil , 1670704739996477, 0
0, gpuUtil , 1670704738994435, 0
0, gpuUtil , 1670704739161410, 0
0, gpuUtil , 1670704739328455, 0
0, gpuUtil , 1670704739495434, 0
0, gpuUtil , 1670704739662455, 0
0, gpuUtil , 1670704739829465, 0
0, gpuUtil , 1670704739996477, 0
0, encUtil , 1670704738994435, 0
0, encUtil , 1670704739161410, 0
0, encUtil , 1670704739328455, 0
0, encUtil , 1670704739495434, 0
0, encUtil , 1670704739662455, 0
0, encUtil , 1670704739829465, 0
0, encUtil , 1670704739996477, 0
0, decUtil , 1670704738994435, 0
0, decUtil , 1670704739161410, 0
0, decUtil , 1670704739328455, 0
0, decUtil , 1670704739495434, 0
0, decUtil , 1670704739662455, 0
0, decUtil , 1670704739829465, 0
0, decUtil , 1670704739996477, 0
0, violPwr , 1670704740002296, 0
0, violThm , 1670704740002553, 0
0, pwrDraw , 1670704740069436, 89
0, pwrDraw , 1670704740169478, 89
0, pwrDraw , 1670704740269363, 89
0, pwrDraw , 1670704740369496, 89
0, pwrDraw , 1670704740469345, 89
0, pwrDraw , 1670704740569442, 89
0, pwrDraw , 1670704740669363, 89
0, pwrDraw , 1670704740769413, 89
0, pwrDraw , 1670704740869469, 89
0, pwrDraw , 1670704740969438, 89
0, temp    , 1670704741013115, 49
0, memUtil , 1670704740163454, 0
0, memUtil , 1670704740330475, 0
0, memUtil , 1670704740497478, 0
0, memUtil , 1670704740664522, 0
0, memUtil , 1670704740831509, 0
0, memUtil , 1670704740998521, 0
0, gpuUtil , 1670704740163454, 0
0, gpuUtil , 1670704740330475, 0
0, gpuUtil , 1670704740497478, 0
0, gpuUtil , 1670704740664522, 0
0, gpuUtil , 1670704740831509, 0
0, gpuUtil , 1670704740998521, 0
0, encUtil , 1670704740163454, 0
0, encUtil , 1670704740330475, 0
0, encUtil , 1670704740497478, 0
0, encUtil , 1670704740664522, 0
0, encUtil , 1670704740831509, 0
0, encUtil , 1670704740998521, 0
0, decUtil , 1670704740163454, 0
0, decUtil , 1670704740330475, 0
0, decUtil , 1670704740497478, 0
0, decUtil , 1670704740664522, 0
0, decUtil , 1670704740831509, 0
0, decUtil , 1670704740998521, 0
0, violPwr , 1670704741019489, 0
0, violThm , 1670704741019800, 0
0, pwrDraw , 1670704741069429, 89
0, pwrDraw , 1670704741169535, 89
0, pwrDraw , 1670704741269378, 89
0, pwrDraw , 1670704741370201, 86
0, pwrDraw , 1670704741470103, 76
0, pwrDraw , 1670704741570181, 72
0, pwrDraw , 1670704741670184, 70
0, pwrDraw , 1670704741770217, 70
0, pwrDraw , 1670704741870074, 69
0, pwrDraw , 1670704741970254, 69
0, temp    , 1670704742030258, 47
0, memUtil , 1670704741165505, 0
0, memUtil , 1670704741332525, 0
0, memUtil , 1670704741499647, 0
0, memUtil , 1670704741666692, 0
0, memUtil , 1670704741833704, 0
0, memUtil , 1670704742000742, 0
0, gpuUtil , 1670704741165505, 0
0, gpuUtil , 1670704741332525, 0
0, gpuUtil , 1670704741499647, 0
0, gpuUtil , 1670704741666692, 0
0, gpuUtil , 1670704741833704, 0
0, gpuUtil , 1670704742000742, 0
0, encUtil , 1670704741165505, 0
0, encUtil , 1670704741332525, 0
0, encUtil , 1670704741499647, 0
0, encUtil , 1670704741666692, 0
0, encUtil , 1670704741833704, 0
0, encUtil , 1670704742000742, 0
0, decUtil , 1670704741165505, 0
0, decUtil , 1670704741332525, 0
0, decUtil , 1670704741499647, 0
0, decUtil , 1670704741666692, 0
0, decUtil , 1670704741833704, 0
0, decUtil , 1670704742000742, 0
0, procClk , 1670704741334053, 810
0, procClk , 1670704741347693, 810
0, memClk  , 1670704741334053, 3004
0, memClk  , 1670704741347693, 3004
0, violPwr , 1670704742036579, 0
0, violThm , 1670704742036916, 0
0, pwrDraw , 1670704742670141, 69
0, pwrDraw , 1670704742770228, 69
0, pwrDraw , 1670704742870079, 69
0, pwrDraw , 1670704742970206, 69
0, pwrDraw , 1670704742070079, 69
0, pwrDraw , 1670704742170313, 69
0, pwrDraw , 1670704742270134, 69
0, pwrDraw , 1670704742370286, 69
0, pwrDraw , 1670704742470195, 69
0, temp    , 1670704743047210, 46
0, memUtil , 1670704742167691, 0
0, memUtil , 1670704742334741, 0
0, memUtil , 1670704742501746, 0
0, memUtil , 1670704742668771, 0
0, memUtil , 1670704742835750, 0
0, memUtil , 1670704743002761, 0
0, gpuUtil , 1670704742167691, 0
0, gpuUtil , 1670704742334741, 0
0, gpuUtil , 1670704742501746, 0
0, gpuUtil , 1670704742668771, 0
0, gpuUtil , 1670704742835750, 0
0, gpuUtil , 1670704743002761, 0
0, encUtil , 1670704742167691, 0
0, encUtil , 1670704742334741, 0
0, encUtil , 1670704742501746, 0
0, encUtil , 1670704742668771, 0
0, encUtil , 1670704742835750, 0
0, encUtil , 1670704743002761, 0
0, decUtil , 1670704742167691, 0
0, decUtil , 1670704742334741, 0
0, decUtil , 1670704742501746, 0
0, decUtil , 1670704742668771, 0
0, decUtil , 1670704742835750, 0
0, decUtil , 1670704743002761, 0
0, violPwr , 1670704743053615, 0
0, violThm , 1670704743053910, 0
0, pwrDraw , 1670704742670141, 69
0, pwrDraw , 1670704742770228, 69
0, pwrDraw , 1670704742870079, 69
0, pwrDraw , 1670704742970206, 69
0, pwrDraw , 1670704743070120, 69
0, pwrDraw , 1670704743170269, 69
0, pwrDraw , 1670704743270240, 69
0, pwrDraw , 1670704743370296, 69
0, pwrDraw , 1670704743470144, 69
0, pwrDraw , 1670704743570251, 69
0, pwrDraw , 1670704743670089, 69
0, pwrDraw , 1670704743770172, 69
0, pwrDraw , 1670704743870109, 69
0, pwrDraw , 1670704743970147, 69
0, temp    , 1670704744064205, 46
0, memUtil , 1670704743169804, 0
0, memUtil , 1670704743336780, 0
0, memUtil , 1670704743503729, 0
0, memUtil , 1670704743670719, 0
0, memUtil , 1670704743837732, 0
0, memUtil , 1670704744004749, 0
0, gpuUtil , 1670704743169804, 0
0, gpuUtil , 1670704743336780, 0
0, gpuUtil , 1670704743503729, 0
0, gpuUtil , 1670704743670719, 0
0, gpuUtil , 1670704743837732, 0
0, gpuUtil , 1670704744004749, 0
0, encUtil , 1670704743169804, 0
0, encUtil , 1670704743336780, 0
0, encUtil , 1670704743503729, 0
0, encUtil , 1670704743670719, 0
0, encUtil , 1670704743837732, 0
0, encUtil , 1670704744004749, 0
0, decUtil , 1670704743169804, 0
0, decUtil , 1670704743336780, 0
0, decUtil , 1670704743503729, 0
0, decUtil , 1670704743670719, 0
0, decUtil , 1670704743837732, 0
0, decUtil , 1670704744004749, 0
0, procClk , 1670704744005885, 696
0, procClk , 1670704744017352, 696
0, memClk  , 1670704744005885, 810
0, memClk  , 1670704744017352, 810
0, violPwr , 1670704744070998, 0
0, violThm , 1670704744071354, 0
0, pwrDraw , 1670704744070575, 57
0, pwrDraw , 1670704744170267, 45
0, pwrDraw , 1670704744269953, 41
0, pwrDraw , 1670704744370017, 39
0, pwrDraw , 1670704744469899, 38
0, pwrDraw , 1670704744569955, 38
0, pwrDraw , 1670704744669959, 38
0, pwrDraw , 1670704744769961, 38
0, pwrDraw , 1670704744869970, 38
0, pwrDraw , 1670704744970030, 38
0, pwrDraw , 1670704745069921, 38
0, temp    , 1670704745081775, 44
0, memUtil , 1670704745006932, 0
0, memUtil , 1670704744171962, 0
0, memUtil , 1670704744338950, 0
0, memUtil , 1670704744505926, 0
0, memUtil , 1670704744672941, 0
0, gpuUtil , 1670704745006932, 0
0, gpuUtil , 1670704744171962, 0
0, gpuUtil , 1670704744338950, 0
0, gpuUtil , 1670704744505926, 0
0, gpuUtil , 1670704744672941, 0
0, encUtil , 1670704745006932, 0
0, encUtil , 1670704744171962, 0
0, encUtil , 1670704744338950, 0
0, encUtil , 1670704744505926, 0
0, encUtil , 1670704744672941, 0
0, decUtil , 1670704745006932, 0
0, decUtil , 1670704744171962, 0
0, decUtil , 1670704744338950, 0
0, decUtil , 1670704744505926, 0
0, decUtil , 1670704744672941, 0
0, procClk , 1670704744132794, 683
0, memClk  , 1670704744132794, 810
0, violPwr , 1670704745088161, 0
0, violThm , 1670704745088511, 0
0, pwrDraw , 1670704745170023, 38
0, pwrDraw , 1670704745269859, 38
0, pwrDraw , 1670704745370021, 38
0, pwrDraw , 1670704745469968, 38
0, pwrDraw , 1670704745570014, 38
0, pwrDraw , 1670704745670049, 38
0, pwrDraw , 1670704745770126, 38
0, pwrDraw , 1670704745870018, 38
0, pwrDraw , 1670704745970089, 38
0, pwrDraw , 1670704746069977, 38
0, temp    , 1670704746098762, 44
0, memUtil , 1670704745006932, 0
0, memUtil , 1670704745173922, 0
0, memUtil , 1670704745340926, 0
0, memUtil , 1670704745507977, 0
0, memUtil , 1670704745674989, 0
0, memUtil , 1670704745841993, 0
0, memUtil , 1670704746009009, 0
0, gpuUtil , 1670704745006932, 0
0, gpuUtil , 1670704745173922, 0
0, gpuUtil , 1670704745340926, 0
0, gpuUtil , 1670704745507977, 0
0, gpuUtil , 1670704745674989, 0
0, gpuUtil , 1670704745841993, 0
0, gpuUtil , 1670704746009009, 0
0, encUtil , 1670704745006932, 0
0, encUtil , 1670704745173922, 0
0, encUtil , 1670704745340926, 0
0, encUtil , 1670704745507977, 0
0, encUtil , 1670704745674989, 0
0, encUtil , 1670704745841993, 0
0, encUtil , 1670704746009009, 0
0, decUtil , 1670704745006932, 0
0, decUtil , 1670704745173922, 0
0, decUtil , 1670704745340926, 0
0, decUtil , 1670704745507977, 0
0, decUtil , 1670704745674989, 0
0, decUtil , 1670704745841993, 0
0, decUtil , 1670704746009009, 0
0, violPwr , 1670704746105142, 0
0, violThm , 1670704746105498, 0
0, pwrDraw , 1670704746170057, 38
0, pwrDraw , 1670704746270061, 38
0, pwrDraw , 1670704746370065, 38
0, pwrDraw , 1670704746470057, 38
0, pwrDraw , 1670704746570138, 38
0, pwrDraw , 1670704746669993, 38
0, temp    , 1670704747106166, 43
0, memUtil , 1670704746175996, 0
0, memUtil , 1670704746342970, 0
0, memUtil , 1670704746509960, 0
0, memUtil , 1670704746676989, 0
0, memUtil , 1670704746844247, 0
0, memUtil , 1670704747011229, 0
0, gpuUtil , 1670704746175996, 0
0, gpuUtil , 1670704746342970, 0
0, gpuUtil , 1670704746509960, 0
0, gpuUtil , 1670704746676989, 0
0, gpuUtil , 1670704746844247, 0
0, gpuUtil , 1670704747011229, 0
0, encUtil , 1670704746175996, 0
0, encUtil , 1670704746342970, 0
0, encUtil , 1670704746509960, 0
0, encUtil , 1670704746676989, 0
0, encUtil , 1670704746844247, 0
0, encUtil , 1670704747011229, 0
0, decUtil , 1670704746175996, 0
0, decUtil , 1670704746342970, 0
0, decUtil , 1670704746509960, 0
0, decUtil , 1670704746676989, 0
0, decUtil , 1670704746844247, 0
0, decUtil , 1670704747011229, 0
0, procClk , 1670704746678101, 270
0, procClk , 1670704746685670, 270
0, procClk , 1670704746702339, 270
0, memClk  , 1670704746678101, 405
0, memClk  , 1670704746685670, 405
0, memClk  , 1670704746702339, 405
0, violPwr , 1670704747112587, 0
0, violThm , 1670704747112948, 0
0, temp    , 1670704748113647, 42
0, memUtil , 1670704747178212, 0
0, memUtil , 1670704747345221, 0
0, memUtil , 1670704747512181, 0
0, memUtil , 1670704747679156, 0
0, memUtil , 1670704747846141, 0
0, memUtil , 1670704748013121, 0
0, gpuUtil , 1670704747178212, 0
0, gpuUtil , 1670704747345221, 0
0, gpuUtil , 1670704747512181, 0
0, gpuUtil , 1670704747679156, 0
0, gpuUtil , 1670704747846141, 0
0, gpuUtil , 1670704748013121, 0
0, encUtil , 1670704747178212, 0
0, encUtil , 1670704747345221, 0
0, encUtil , 1670704747512181, 0
0, encUtil , 1670704747679156, 0
0, encUtil , 1670704747846141, 0
0, encUtil , 1670704748013121, 0
0, decUtil , 1670704747178212, 0
0, decUtil , 1670704747345221, 0
0, decUtil , 1670704747512181, 0
0, decUtil , 1670704747679156, 0
0, decUtil , 1670704747846141, 0
0, decUtil , 1670704748013121, 0
0, violPwr , 1670704748120065, 0
0, violThm , 1670704748120443, 0
0, temp    , 1670704749121048, 42
0, memUtil , 1670704748180105, 0
0, memUtil , 1670704748347087, 0
0, memUtil , 1670704748514069, 0
0, memUtil , 1670704748681075, 0
0, memUtil , 1670704748848034, 0
0, memUtil , 1670704749015014, 0
0, gpuUtil , 1670704748180105, 0
0, gpuUtil , 1670704748347087, 0
0, gpuUtil , 1670704748514069, 0
0, gpuUtil , 1670704748681075, 0
0, gpuUtil , 1670704748848034, 0
0, gpuUtil , 1670704749015014, 0
0, encUtil , 1670704748180105, 0
0, encUtil , 1670704748347087, 0
0, encUtil , 1670704748514069, 0
0, encUtil , 1670704748681075, 0
0, encUtil , 1670704748848034, 0
0, encUtil , 1670704749015014, 0
0, decUtil , 1670704748180105, 0
0, decUtil , 1670704748347087, 0
0, decUtil , 1670704748514069, 0
0, decUtil , 1670704748681075, 0
0, decUtil , 1670704748848034, 0
0, decUtil , 1670704749015014, 0
0, violPwr , 1670704749127453, 0
0, violThm , 1670704749127813, 0
0, temp    , 1670704750138263, 41
0, memUtil , 1670704749181999, 0
0, memUtil , 1670704749348988, 0
0, memUtil , 1670704749515963, 0
0, memUtil , 1670704749682946, 0
0, memUtil , 1670704749849926, 0
0, memUtil , 1670704750016934, 0
0, gpuUtil , 1670704749181999, 0
0, gpuUtil , 1670704749348988, 0
0, gpuUtil , 1670704749515963, 0
0, gpuUtil , 1670704749682946, 0
0, gpuUtil , 1670704749849926, 0
0, gpuUtil , 1670704750016934, 0
0, encUtil , 1670704749181999, 0
0, encUtil , 1670704749348988, 0
0, encUtil , 1670704749515963, 0
0, encUtil , 1670704749682946, 0
0, encUtil , 1670704749849926, 0
0, encUtil , 1670704750016934, 0
0, decUtil , 1670704749181999, 0
0, decUtil , 1670704749348988, 0
0, decUtil , 1670704749515963, 0
0, decUtil , 1670704749682946, 0
0, decUtil , 1670704749849926, 0
0, decUtil , 1670704750016934, 0
0, procClk , 1670704749349451, 135
0, memClk  , 1670704749349451, 405
0, violPwr , 1670704750144672, 0
0, violThm , 1670704750145049, 0
0, temp    , 1670704751145623, 41
0, memUtil , 1670704750183895, 0
0, memUtil , 1670704750350877, 0
0, memUtil , 1670704750517859, 0
0, memUtil , 1670704750684840, 0
0, memUtil , 1670704750851822, 0
0, memUtil , 1670704751018804, 0
0, gpuUtil , 1670704750183895, 0
0, gpuUtil , 1670704750350877, 0
0, gpuUtil , 1670704750517859, 0
0, gpuUtil , 1670704750684840, 0
0, gpuUtil , 1670704750851822, 0
0, gpuUtil , 1670704751018804, 0
0, encUtil , 1670704750183895, 0
0, encUtil , 1670704750350877, 0
0, encUtil , 1670704750517859, 0
0, encUtil , 1670704750684840, 0
0, encUtil , 1670704750851822, 0
0, encUtil , 1670704751018804, 0
0, decUtil , 1670704750183895, 0
0, decUtil , 1670704750350877, 0
0, decUtil , 1670704750517859, 0
0, decUtil , 1670704750684840, 0
0, decUtil , 1670704750851822, 0
0, decUtil , 1670704751018804, 0
0, violPwr , 1670704751152005, 0
0, violThm , 1670704751152374, 0
0, pwrDraw , 1670704751670524, 29
0, temp    , 1670704752152894, 41
0, memUtil , 1670704751185789, 0
0, memUtil , 1670704751352794, 0
0, memUtil , 1670704751519753, 0
0, memUtil , 1670704751686766, 0
0, memUtil , 1670704751853789, 0
0, memUtil , 1670704752020758, 0
0, gpuUtil , 1670704751185789, 0
0, gpuUtil , 1670704751352794, 0
0, gpuUtil , 1670704751519753, 0
0, gpuUtil , 1670704751686766, 0
0, gpuUtil , 1670704751853789, 0
0, gpuUtil , 1670704752020758, 0
0, encUtil , 1670704751185789, 0
0, encUtil , 1670704751352794, 0
0, encUtil , 1670704751519753, 0
0, encUtil , 1670704751686766, 0
0, encUtil , 1670704751853789, 0
0, encUtil , 1670704752020758, 0
0, decUtil , 1670704751185789, 0
0, decUtil , 1670704751352794, 0
0, decUtil , 1670704751519753, 0
0, decUtil , 1670704751686766, 0
0, decUtil , 1670704751853789, 0
0, decUtil , 1670704752020758, 0
0, violPwr , 1670704752159285, 0
0, violThm , 1670704752159669, 0
0, temp    , 1670704753170237, 41
0, memUtil , 1670704752187742, 0
0, memUtil , 1670704752354725, 0
0, memUtil , 1670704752521707, 0
0, memUtil , 1670704752688711, 0
0, memUtil , 1670704752855672, 0
0, memUtil , 1670704753022653, 0
0, gpuUtil , 1670704752187742, 0
0, gpuUtil , 1670704752354725, 0
0, gpuUtil , 1670704752521707, 0
0, gpuUtil , 1670704752688711, 0
0, gpuUtil , 1670704752855672, 0
0, gpuUtil , 1670704753022653, 0
0, encUtil , 1670704752187742, 0
0, encUtil , 1670704752354725, 0
0, encUtil , 1670704752521707, 0
0, encUtil , 1670704752688711, 0
0, encUtil , 1670704752855672, 0
0, encUtil , 1670704753022653, 0
0, decUtil , 1670704752187742, 0
0, decUtil , 1670704752354725, 0
0, decUtil , 1670704752521707, 0
0, decUtil , 1670704752688711, 0
0, decUtil , 1670704752855672, 0
0, decUtil , 1670704753022653, 0
0, violPwr , 1670704753176645, 0
0, violThm , 1670704753177010, 0
0, temp    , 1670704754177571, 40
0, memUtil , 1670704753189636, 0
0, memUtil , 1670704753356619, 0
0, memUtil , 1670704753523601, 0
0, memUtil , 1670704753690581, 0
0, memUtil , 1670704753857565, 0
0, memUtil , 1670704754024569, 0
0, gpuUtil , 1670704753189636, 0
0, gpuUtil , 1670704753356619, 0
0, gpuUtil , 1670704753523601, 0
0, gpuUtil , 1670704753690581, 0
0, gpuUtil , 1670704753857565, 0
0, gpuUtil , 1670704754024569, 0
0, encUtil , 1670704753189636, 0
0, encUtil , 1670704753356619, 0
0, encUtil , 1670704753523601, 0
0, encUtil , 1670704753690581, 0
0, encUtil , 1670704753857565, 0
0, encUtil , 1670704754024569, 0
0, decUtil , 1670704753189636, 0
0, decUtil , 1670704753356619, 0
0, decUtil , 1670704753523601, 0
0, decUtil , 1670704753690581, 0
0, decUtil , 1670704753857565, 0
0, decUtil , 1670704754024569, 0
0, violPwr , 1670704754183875, 0
0, violThm , 1670704754184233, 0
0, temp    , 1670704755184836, 40
0, memUtil , 1670704754191530, 0
0, memUtil , 1670704754358512, 0
0, memUtil , 1670704754525494, 0
0, memUtil , 1670704754692476, 0
0, memUtil , 1670704754859459, 0
0, memUtil , 1670704755026439, 0
0, gpuUtil , 1670704754191530, 0
0, gpuUtil , 1670704754358512, 0
0, gpuUtil , 1670704754525494, 0
0, gpuUtil , 1670704754692476, 0
0, gpuUtil , 1670704754859459, 0
0, gpuUtil , 1670704755026439, 0
0, encUtil , 1670704754191530, 0
0, encUtil , 1670704754358512, 0
0, encUtil , 1670704754525494, 0
0, encUtil , 1670704754692476, 0
0, encUtil , 1670704754859459, 0
0, encUtil , 1670704755026439, 0
0, decUtil , 1670704754191530, 0
0, decUtil , 1670704754358512, 0
0, decUtil , 1670704754525494, 0
0, decUtil , 1670704754692476, 0
0, decUtil , 1670704754859459, 0
0, decUtil , 1670704755026439, 0
0, violPwr , 1670704755191219, 0
0, violThm , 1670704755191597, 0
0, temp    , 1670704756192123, 40
0, memUtil , 1670704755193425, 0
0, memUtil , 1670704755360431, 0
0, memUtil , 1670704755527390, 0
0, memUtil , 1670704755694370, 0
0, memUtil , 1670704755861354, 0
0, memUtil , 1670704756028334, 0
0, gpuUtil , 1670704755193425, 0
0, gpuUtil , 1670704755360431, 0
0, gpuUtil , 1670704755527390, 0
0, gpuUtil , 1670704755694370, 0
0, gpuUtil , 1670704755861354, 0
0, gpuUtil , 1670704756028334, 0
0, encUtil , 1670704755193425, 0
0, encUtil , 1670704755360431, 0
0, encUtil , 1670704755527390, 0
0, encUtil , 1670704755694370, 0
0, encUtil , 1670704755861354, 0
0, encUtil , 1670704756028334, 0
0, encUtil , 1670704756195319, 0
0, decUtil , 1670704755193425, 0
0, decUtil , 1670704755360431, 0
0, decUtil , 1670704755527390, 0
0, decUtil , 1670704755694370, 0
0, decUtil , 1670704755861354, 0
0, decUtil , 1670704756028334, 0
0, decUtil , 1670704756195319, 0
0, violPwr , 1670704756198511, 0
0, violThm , 1670704756198878, 0
0, pwrDraw , 1670704756670598, 29
0, temp    , 1670704757209370, 40
0, memUtil , 1670704756195319, 0
0, memUtil , 1670704756362301, 0
0, memUtil , 1670704756529283, 0
0, memUtil , 1670704756696289, 0
0, memUtil , 1670704756863286, 0
0, memUtil , 1670704757030258, 0
0, memUtil , 1670704757197240, 0
0, gpuUtil , 1670704756195319, 0
0, gpuUtil , 1670704756362301, 0
0, gpuUtil , 1670704756529283, 0
0, gpuUtil , 1670704756696289, 0
0, gpuUtil , 1670704756863286, 0
0, gpuUtil , 1670704757030258, 0
0, gpuUtil , 1670704757197240, 0
0, encUtil , 1670704756362301, 0
0, encUtil , 1670704756529283, 0
0, encUtil , 1670704756696289, 0
0, encUtil , 1670704756863286, 0
0, encUtil , 1670704757030258, 0
0, encUtil , 1670704757197240, 0
0, decUtil , 1670704756362301, 0
0, decUtil , 1670704756529283, 0
0, decUtil , 1670704756696289, 0
0, decUtil , 1670704756863286, 0
0, decUtil , 1670704757030258, 0
0, decUtil , 1670704757197240, 0
0, violPwr , 1670704757215770, 0
0, violThm , 1670704757216139, 0
0, temp    , 1670704758226472, 40
0, memUtil , 1670704757364225, 0
0, memUtil , 1670704757531207, 0
0, memUtil , 1670704757698190, 0
0, memUtil , 1670704757865170, 0
0, memUtil , 1670704758032176, 0
0, memUtil , 1670704758199134, 0
0, gpuUtil , 1670704757364225, 0
0, gpuUtil , 1670704757531207, 0
0, gpuUtil , 1670704757698190, 0
0, gpuUtil , 1670704757865170, 0
0, gpuUtil , 1670704758032176, 0
0, gpuUtil , 1670704758199134, 0
0, encUtil , 1670704757364225, 0
0, encUtil , 1670704757531207, 0
0, encUtil , 1670704757698190, 0
0, encUtil , 1670704757865170, 0
0, encUtil , 1670704758032176, 0
0, encUtil , 1670704758199134, 0
0, decUtil , 1670704757364225, 0
0, decUtil , 1670704757531207, 0
0, decUtil , 1670704757698190, 0
0, decUtil , 1670704757865170, 0
0, decUtil , 1670704758032176, 0
0, decUtil , 1670704758199134, 0
0, violPwr , 1670704758232860, 0
0, violThm , 1670704758233217, 0
0, temp    , 1670704759243642, 39
0, memUtil , 1670704758366118, 0
0, memUtil , 1670704758533101, 0
0, memUtil , 1670704758700083, 0
0, memUtil , 1670704758867063, 0
0, memUtil , 1670704759034046, 0
0, memUtil , 1670704759201030, 0
0, gpuUtil , 1670704758366118, 0
0, gpuUtil , 1670704758533101, 0
0, gpuUtil , 1670704758700083, 0
0, gpuUtil , 1670704758867063, 0
0, gpuUtil , 1670704759034046, 0
0, gpuUtil , 1670704759201030, 0
0, encUtil , 1670704758366118, 0
0, encUtil , 1670704758533101, 0
0, encUtil , 1670704758700083, 0
0, encUtil , 1670704758867063, 0
0, encUtil , 1670704759034046, 0
0, encUtil , 1670704759201030, 0
0, decUtil , 1670704758366118, 0
0, decUtil , 1670704758533101, 0
0, decUtil , 1670704758700083, 0
0, decUtil , 1670704758867063, 0
0, decUtil , 1670704759034046, 0
0, decUtil , 1670704759201030, 0
0, violPwr , 1670704759250012, 0
0, violThm , 1670704759250385, 0
0, temp    , 1670704760251179, 39
0, memUtil , 1670704759368036, 0
0, memUtil , 1670704759534995, 0
0, memUtil , 1670704759701977, 0
0, memUtil , 1670704759868959, 0
0, memUtil , 1670704760035942, 0
0, memUtil , 1670704760202922, 0
0, gpuUtil , 1670704759368036, 0
0, gpuUtil , 1670704759534995, 0
0, gpuUtil , 1670704759701977, 0
0, gpuUtil , 1670704759868959, 0
0, gpuUtil , 1670704760035942, 0
0, gpuUtil , 1670704760202922, 0
0, encUtil , 1670704759368036, 0
0, encUtil , 1670704759534995, 0
0, encUtil , 1670704759701977, 0
0, encUtil , 1670704759868959, 0
0, encUtil , 1670704760035942, 0
0, encUtil , 1670704760202922, 0
0, decUtil , 1670704759368036, 0
0, decUtil , 1670704759534995, 0
0, decUtil , 1670704759701977, 0
0, decUtil , 1670704759868959, 0
0, decUtil , 1670704760035942, 0
0, decUtil , 1670704760202922, 0
0, violPwr , 1670704760257566, 0
0, violThm , 1670704760257927, 0
0, temp    , 1670704761258565, 39
0, memUtil , 1670704760369906, 0
0, memUtil , 1670704760536888, 0
0, memUtil , 1670704760703894, 0
0, memUtil , 1670704760870851, 0
0, memUtil , 1670704761037833, 0
0, memUtil , 1670704761204815, 0
0, gpuUtil , 1670704760369906, 0
0, gpuUtil , 1670704760536888, 0
0, gpuUtil , 1670704760703894, 0
0, gpuUtil , 1670704760870851, 0
0, gpuUtil , 1670704761037833, 0
0, gpuUtil , 1670704761204815, 0
0, encUtil , 1670704760369906, 0
0, encUtil , 1670704760536888, 0
0, encUtil , 1670704760703894, 0
0, encUtil , 1670704760870851, 0
0, encUtil , 1670704761037833, 0
0, encUtil , 1670704761204815, 0
0, decUtil , 1670704760369906, 0
0, decUtil , 1670704760536888, 0
0, decUtil , 1670704760703894, 0
0, decUtil , 1670704760870851, 0
0, decUtil , 1670704761037833, 0
0, decUtil , 1670704761204815, 0
0, violPwr , 1670704761264947, 0
0, violThm , 1670704761265321, 0
0, pwrDraw , 1670704761670668, 29
0, temp    , 1670704762275812, 39
0, memUtil , 1670704761705795, 0
0, memUtil , 1670704761872817, 0
0, memUtil , 1670704762039813, 0
0, memUtil , 1670704762206769, 0
0, memUtil , 1670704761371800, 0
0, gpuUtil , 1670704761705795, 0
0, gpuUtil , 1670704761872817, 0
0, gpuUtil , 1670704762039813, 0
0, gpuUtil , 1670704762206769, 0
0, gpuUtil , 1670704761371800, 0
0, encUtil , 1670704761705795, 0
0, encUtil , 1670704761872817, 0
0, encUtil , 1670704762039813, 0
0, encUtil , 1670704762206769, 0
0, encUtil , 1670704761371800, 0
0, decUtil , 1670704761705795, 0
0, decUtil , 1670704761872817, 0
0, decUtil , 1670704762039813, 0
0, decUtil , 1670704762206769, 0
0, decUtil , 1670704761371800, 0
0, violPwr , 1670704762282193, 0
0, violThm , 1670704762282566, 0
0, temp    , 1670704763283229, 39
0, memUtil , 1670704761705795, 0
0, memUtil , 1670704761872817, 0
0, memUtil , 1670704762039813, 0
0, memUtil , 1670704762206769, 0
0, memUtil , 1670704762373754, 0
0, memUtil , 1670704762540736, 0
0, memUtil , 1670704762707718, 0
0, memUtil , 1670704762874698, 0
0, memUtil , 1670704763041681, 0
0, memUtil , 1670704763208665, 0
0, gpuUtil , 1670704761705795, 0
0, gpuUtil , 1670704761872817, 0
0, gpuUtil , 1670704762039813, 0
0, gpuUtil , 1670704762206769, 0
0, gpuUtil , 1670704762373754, 0
0, gpuUtil , 1670704762540736, 0
0, gpuUtil , 1670704762707718, 0
0, gpuUtil , 1670704762874698, 0
0, gpuUtil , 1670704763041681, 0
0, gpuUtil , 1670704763208665, 0
0, encUtil , 1670704761705795, 0
0, encUtil , 1670704761872817, 0
0, encUtil , 1670704762039813, 0
0, encUtil , 1670704762206769, 0
0, encUtil , 1670704762373754, 0
0, encUtil , 1670704762540736, 0
0, encUtil , 1670704762707718, 0
0, encUtil , 1670704762874698, 0
0, encUtil , 1670704763041681, 0
0, encUtil , 1670704763208665, 0
0, decUtil , 1670704761705795, 0
0, decUtil , 1670704761872817, 0
0, decUtil , 1670704762039813, 0
0, decUtil , 1670704762206769, 0
0, decUtil , 1670704762373754, 0
0, decUtil , 1670704762540736, 0
0, decUtil , 1670704762707718, 0
0, decUtil , 1670704762874698, 0
0, decUtil , 1670704763041681, 0
0, decUtil , 1670704763208665, 0
0, violPwr , 1670704763289649, 0
0, violThm , 1670704763290016, 0
0, temp    , 1670704764290611, 39
0, memUtil , 1670704763375671, 0
0, memUtil , 1670704763542630, 0
0, memUtil , 1670704763709612, 0
0, memUtil , 1670704763876592, 0
0, memUtil , 1670704764043576, 0
0, memUtil , 1670704764210559, 0
0, gpuUtil , 1670704763375671, 0
0, gpuUtil , 1670704763542630, 0
0, gpuUtil , 1670704763709612, 0
0, gpuUtil , 1670704763876592, 0
0, gpuUtil , 1670704764043576, 0
0, gpuUtil , 1670704764210559, 0
0, encUtil , 1670704763375671, 0
0, encUtil , 1670704763542630, 0
0, encUtil , 1670704763709612, 0
0, encUtil , 1670704763876592, 0
0, encUtil , 1670704764043576, 0
0, encUtil , 1670704764210559, 0
0, decUtil , 1670704763375671, 0
0, decUtil , 1670704763542630, 0
0, decUtil , 1670704763709612, 0
0, decUtil , 1670704763876592, 0
0, decUtil , 1670704764043576, 0
0, decUtil , 1670704764210559, 0
0, violPwr , 1670704764296911, 0
0, violThm , 1670704764297269, 0
0, temp    , 1670704765297893, 39
0, memUtil , 1670704764377541, 0
0, memUtil , 1670704764544524, 0
0, memUtil , 1670704764711529, 0
0, memUtil , 1670704764878486, 0
0, memUtil , 1670704765045468, 0
0, memUtil , 1670704765212450, 0
0, gpuUtil , 1670704764377541, 0
0, gpuUtil , 1670704764544524, 0
0, gpuUtil , 1670704764711529, 0
0, gpuUtil , 1670704764878486, 0
0, gpuUtil , 1670704765045468, 0
0, gpuUtil , 1670704765212450, 0
0, encUtil , 1670704764377541, 0
0, encUtil , 1670704764544524, 0
0, encUtil , 1670704764711529, 0
0, encUtil , 1670704764878486, 0
0, encUtil , 1670704765045468, 0
0, encUtil , 1670704765212450, 0
0, decUtil , 1670704764377541, 0
0, decUtil , 1670704764544524, 0
0, decUtil , 1670704764711529, 0
0, decUtil , 1670704764878486, 0
0, decUtil , 1670704765045468, 0
0, decUtil , 1670704765212450, 0
0, violPwr , 1670704765304227, 0
0, violThm , 1670704765304605, 0
0, temp    , 1670704766315193, 39
0, memUtil , 1670704765379436, 0
0, memUtil , 1670704765546418, 0
0, memUtil , 1670704765713401, 0
0, memUtil , 1670704765880380, 0
0, memUtil , 1670704766047386, 0
0, memUtil , 1670704766214345, 0
0, gpuUtil , 1670704765379436, 0
0, gpuUtil , 1670704765546418, 0
0, gpuUtil , 1670704765713401, 0
0, gpuUtil , 1670704765880380, 0
0, gpuUtil , 1670704766047386, 0
0, gpuUtil , 1670704766214345, 0
0, encUtil , 1670704765379436, 0
0, encUtil , 1670704765546418, 0
0, encUtil , 1670704765713401, 0
0, encUtil , 1670704765880380, 0
0, encUtil , 1670704766047386, 0
0, encUtil , 1670704766214345, 0
0, decUtil , 1670704765379436, 0
0, decUtil , 1670704765546418, 0
0, decUtil , 1670704765713401, 0
0, decUtil , 1670704765880380, 0
0, decUtil , 1670704766047386, 0
0, decUtil , 1670704766214345, 0
0, violPwr , 1670704766321586, 0
0, violThm , 1670704766321954, 0
0, pwrDraw , 1670704766670717, 28
0, temp    , 1670704767332491, 39
0, memUtil , 1670704766381329, 0
0, memUtil , 1670704766548312, 0
0, memUtil , 1670704766715325, 0
0, memUtil , 1670704766882345, 0
0, memUtil , 1670704767049319, 0
0, memUtil , 1670704767216301, 0
0, gpuUtil , 1670704766381329, 0
0, gpuUtil , 1670704766548312, 0
0, gpuUtil , 1670704766715325, 0
0, gpuUtil , 1670704766882345, 0
0, gpuUtil , 1670704767049319, 0
0, gpuUtil , 1670704767216301, 0
0, encUtil , 1670704766381329, 0
0, encUtil , 1670704766548312, 0
0, encUtil , 1670704766715325, 0
0, encUtil , 1670704766882345, 0
0, encUtil , 1670704767049319, 0
0, encUtil , 1670704767216301, 0
0, decUtil , 1670704766381329, 0
0, decUtil , 1670704766548312, 0
0, decUtil , 1670704766715325, 0
0, decUtil , 1670704766882345, 0
0, decUtil , 1670704767049319, 0
0, decUtil , 1670704767216301, 0
0, violPwr , 1670704767338477, 0
0, violThm , 1670704767338824, 0
0, temp    , 1670704768339527, 38
0, memUtil , 1670704767383306, 0
0, memUtil , 1670704767550265, 0
0, memUtil , 1670704767717248, 0
0, memUtil , 1670704767884228, 0
0, memUtil , 1670704768051210, 0
0, memUtil , 1670704768218193, 0
0, gpuUtil , 1670704767383306, 0
0, gpuUtil , 1670704767550265, 0
0, gpuUtil , 1670704767717248, 0
0, gpuUtil , 1670704767884228, 0
0, gpuUtil , 1670704768051210, 0
0, gpuUtil , 1670704768218193, 0
0, encUtil , 1670704767383306, 0
0, encUtil , 1670704767550265, 0
0, encUtil , 1670704767717248, 0
0, encUtil , 1670704767884228, 0
0, encUtil , 1670704768051210, 0
0, encUtil , 1670704768218193, 0
0, decUtil , 1670704767383306, 0
0, decUtil , 1670704767550265, 0
0, decUtil , 1670704767717248, 0
0, decUtil , 1670704767884228, 0
0, decUtil , 1670704768051210, 0
0, decUtil , 1670704768218193, 0
0, violPwr , 1670704768345905, 0
0, violThm , 1670704768346277, 0
0, temp    , 1670704769346975, 38
0, memUtil , 1670704768385177, 0
0, memUtil , 1670704768552159, 0
0, memUtil , 1670704768719165, 0
0, memUtil , 1670704768886122, 0
0, memUtil , 1670704769053104, 0
0, memUtil , 1670704769220086, 0
0, gpuUtil , 1670704768385177, 0
0, gpuUtil , 1670704768552159, 0
0, gpuUtil , 1670704768719165, 0
0, gpuUtil , 1670704768886122, 0
0, gpuUtil , 1670704769053104, 0
0, gpuUtil , 1670704769220086, 0
0, encUtil , 1670704768385177, 0
0, encUtil , 1670704768552159, 0
0, encUtil , 1670704768719165, 0
0, encUtil , 1670704768886122, 0
0, encUtil , 1670704769053104, 0
0, encUtil , 1670704769220086, 0
0, decUtil , 1670704768385177, 0
0, decUtil , 1670704768552159, 0
0, decUtil , 1670704768719165, 0
0, decUtil , 1670704768886122, 0
0, decUtil , 1670704769053104, 0
0, decUtil , 1670704769220086, 0
0, violPwr , 1670704769353309, 0
0, violThm , 1670704769353675, 0
0, temp    , 1670704770354419, 38
0, memUtil , 1670704769387070, 0
0, memUtil , 1670704769554053, 0
0, memUtil , 1670704769721035, 0
0, memUtil , 1670704769888016, 0
0, memUtil , 1670704770055021, 0
0, memUtil , 1670704770221980, 0
0, gpuUtil , 1670704769387070, 0
0, gpuUtil , 1670704769554053, 0
0, gpuUtil , 1670704769721035, 0
0, gpuUtil , 1670704769888016, 0
0, gpuUtil , 1670704770055021, 0
0, gpuUtil , 1670704770221980, 0
0, encUtil , 1670704769387070, 0
0, encUtil , 1670704769554053, 0
0, encUtil , 1670704769721035, 0
0, encUtil , 1670704769888016, 0
0, encUtil , 1670704770055021, 0
0, encUtil , 1670704770221980, 0
0, decUtil , 1670704769387070, 0
0, decUtil , 1670704769554053, 0
0, decUtil , 1670704769721035, 0
0, decUtil , 1670704769888016, 0
0, decUtil , 1670704770055021, 0
0, decUtil , 1670704770221980, 0
0, violPwr , 1670704770360792, 0
0, violThm , 1670704770361157, 0
0, temp    , 1670704771361728, 38
0, memUtil , 1670704770388964, 0
0, memUtil , 1670704770555946, 0
0, memUtil , 1670704770722928, 0
0, memUtil , 1670704770889911, 0
0, memUtil , 1670704771056893, 0
0, memUtil , 1670704771223873, 0
0, gpuUtil , 1670704770388964, 0
0, gpuUtil , 1670704770555946, 0
0, gpuUtil , 1670704770722928, 0
0, gpuUtil , 1670704770889911, 0
0, gpuUtil , 1670704771056893, 0
0, gpuUtil , 1670704771223873, 0
0, encUtil , 1670704770388964, 0
0, encUtil , 1670704770555946, 0
0, encUtil , 1670704770722928, 0
0, encUtil , 1670704770889911, 0
0, encUtil , 1670704771056893, 0
0, encUtil , 1670704771223873, 0
0, decUtil , 1670704770388964, 0
0, decUtil , 1670704770555946, 0
0, decUtil , 1670704770722928, 0
0, decUtil , 1670704770889911, 0
0, decUtil , 1670704771056893, 0
0, decUtil , 1670704771223873, 0
0, violPwr , 1670704771368102, 0
0, violThm , 1670704771368476, 0
0, pwrDraw , 1670704771670941, 28
0, temp    , 1670704772369129, 38
0, memUtil , 1670704771390881, 0
0, memUtil , 1670704771557840, 0
0, memUtil , 1670704771724853, 0
0, memUtil , 1670704771891873, 0
0, memUtil , 1670704772058845, 0
0, memUtil , 1670704772225827, 0
0, gpuUtil , 1670704771390881, 0
0, gpuUtil , 1670704771557840, 0
0, gpuUtil , 1670704771724853, 0
0, gpuUtil , 1670704771891873, 0
0, gpuUtil , 1670704772058845, 0
0, gpuUtil , 1670704772225827, 0
0, encUtil , 1670704771390881, 0
0, encUtil , 1670704771557840, 0
0, encUtil , 1670704771724853, 0
0, encUtil , 1670704771891873, 0
0, encUtil , 1670704772058845, 0
0, encUtil , 1670704772225827, 0
0, decUtil , 1670704771390881, 0
0, decUtil , 1670704771557840, 0
0, decUtil , 1670704771724853, 0
0, decUtil , 1670704771891873, 0
0, decUtil , 1670704772058845, 0
0, decUtil , 1670704772225827, 0
0, violPwr , 1670704772375447, 0
0, violThm , 1670704772375805, 0
0, temp    , 1670704773386250, 38
0, memUtil , 1670704772392812, 0
0, memUtil , 1670704772559793, 0
0, memUtil , 1670704772726800, 0
0, memUtil , 1670704772893756, 0
0, memUtil , 1670704773060738, 0
0, memUtil , 1670704773227723, 0
0, gpuUtil , 1670704772392812, 0
0, gpuUtil , 1670704772559793, 0
0, gpuUtil , 1670704772726800, 0
0, gpuUtil , 1670704772893756, 0
0, gpuUtil , 1670704773060738, 0
0, gpuUtil , 1670704773227723, 0
0, encUtil , 1670704772392812, 0
0, encUtil , 1670704772559793, 0
0, encUtil , 1670704772726800, 0
0, encUtil , 1670704772893756, 0
0, encUtil , 1670704773060738, 0
0, encUtil , 1670704773227723, 0
0, decUtil , 1670704772392812, 0
0, decUtil , 1670704772559793, 0
0, decUtil , 1670704772726800, 0
0, decUtil , 1670704772893756, 0
0, decUtil , 1670704773060738, 0
0, decUtil , 1670704773227723, 0
0, violPwr , 1670704773392645, 0
0, violThm , 1670704773393012, 0
0, temp    , 1670704774393547, 38
0, memUtil , 1670704773394705, 0
0, memUtil , 1670704773561687, 0
0, memUtil , 1670704773728670, 0
0, memUtil , 1670704773895650, 0
0, memUtil , 1670704774062656, 0
0, memUtil , 1670704774229614, 0
0, gpuUtil , 1670704773394705, 0
0, gpuUtil , 1670704773561687, 0
0, gpuUtil , 1670704773728670, 0
0, gpuUtil , 1670704773895650, 0
0, gpuUtil , 1670704774062656, 0
0, gpuUtil , 1670704774229614, 0
0, encUtil , 1670704773394705, 0
0, encUtil , 1670704773561687, 0
0, encUtil , 1670704773728670, 0
0, encUtil , 1670704773895650, 0
0, encUtil , 1670704774062656, 0
0, encUtil , 1670704774229614, 0
0, encUtil , 1670704774396599, 0
0, decUtil , 1670704773394705, 0
0, decUtil , 1670704773561687, 0
0, decUtil , 1670704773728670, 0
0, decUtil , 1670704773895650, 0
0, decUtil , 1670704774062656, 0
0, decUtil , 1670704774229614, 0
0, decUtil , 1670704774396599, 0
0, violPwr , 1670704774399927, 0
0, violThm , 1670704774400297, 0
0, temp    , 1670704775400928, 38
0, memUtil , 1670704774396599, 0
0, memUtil , 1670704774563581, 0
0, memUtil , 1670704774730564, 0
0, memUtil , 1670704774897544, 0
0, memUtil , 1670704775064526, 0
0, memUtil , 1670704775231508, 0
0, memUtil , 1670704775398516, 0
0, gpuUtil , 1670704774396599, 0
0, gpuUtil , 1670704774563581, 0
0, gpuUtil , 1670704774730564, 0
0, gpuUtil , 1670704774897544, 0
0, gpuUtil , 1670704775064526, 0
0, gpuUtil , 1670704775231508, 0
0, gpuUtil , 1670704775398516, 0
0, encUtil , 1670704774563581, 0
0, encUtil , 1670704774730564, 0
0, encUtil , 1670704774897544, 0
0, encUtil , 1670704775064526, 0
0, encUtil , 1670704775231508, 0
0, encUtil , 1670704775398516, 0
0, decUtil , 1670704774563581, 0
0, decUtil , 1670704774730564, 0
0, decUtil , 1670704774897544, 0
0, decUtil , 1670704775064526, 0
0, decUtil , 1670704775231508, 0
0, decUtil , 1670704775398516, 0
0, violPwr , 1670704775407366, 0
0, violThm , 1670704775407729, 0
0, temp    , 1670704776408384, 37
0, memUtil , 1670704775565474, 0
0, memUtil , 1670704775732457, 0
0, memUtil , 1670704775899437, 0
0, memUtil , 1670704776066419, 0
0, memUtil , 1670704776233401, 0
0, memUtil , 1670704776400385, 0
0, gpuUtil , 1670704775565474, 0
0, gpuUtil , 1670704775732457, 0
0, gpuUtil , 1670704775899437, 0
0, gpuUtil , 1670704776066419, 0
0, gpuUtil , 1670704776233401, 0
0, gpuUtil , 1670704776400385, 0
0, encUtil , 1670704775565474, 0
0, encUtil , 1670704775732457, 0
0, encUtil , 1670704775899437, 0
0, encUtil , 1670704776066419, 0
0, encUtil , 1670704776233401, 0
0, encUtil , 1670704776400385, 0
0, decUtil , 1670704775565474, 0
0, decUtil , 1670704775732457, 0
0, decUtil , 1670704775899437, 0
0, decUtil , 1670704776066419, 0
0, decUtil , 1670704776233401, 0
0, decUtil , 1670704776400385, 0
0, violPwr , 1670704776414674, 0
0, violThm , 1670704776415035, 0
0, pwrDraw , 1670704776670983, 28
0, temp    , 1670704777415661, 38
0, memUtil , 1670704776567368, 0
0, memUtil , 1670704776734447, 0
0, memUtil , 1670704776901393, 0
0, memUtil , 1670704777068373, 0
0, memUtil , 1670704777235355, 0
0, memUtil , 1670704777402339, 0
0, gpuUtil , 1670704776567368, 0
0, gpuUtil , 1670704776734447, 0
0, gpuUtil , 1670704776901393, 0
0, gpuUtil , 1670704777068373, 0
0, gpuUtil , 1670704777235355, 0
0, gpuUtil , 1670704777402339, 0
0, encUtil , 1670704776567368, 0
0, encUtil , 1670704776734447, 0
0, encUtil , 1670704776901393, 0
0, encUtil , 1670704777068373, 0
0, encUtil , 1670704777235355, 0
0, encUtil , 1670704777402339, 0
0, decUtil , 1670704776567368, 0
0, decUtil , 1670704776734447, 0
0, decUtil , 1670704776901393, 0
0, decUtil , 1670704777068373, 0
0, decUtil , 1670704777235355, 0
0, decUtil , 1670704777402339, 0
0, violPwr , 1670704777421950, 0
0, violThm , 1670704777422320, 0
0, temp    , 1670704778432900, 38
0, memUtil , 1670704778404233, 0
0, memUtil , 1670704777569322, 0
0, memUtil , 1670704777736304, 0
0, memUtil , 1670704777903284, 0
0, memUtil , 1670704778070293, 0
0, gpuUtil , 1670704778404233, 0
0, gpuUtil , 1670704777569322, 0
0, gpuUtil , 1670704777736304, 0
0, gpuUtil , 1670704777903284, 0
0, gpuUtil , 1670704778070293, 0
0, encUtil , 1670704778404233, 0
0, encUtil , 1670704777569322, 0
0, encUtil , 1670704777736304, 0
0, encUtil , 1670704777903284, 0
0, encUtil , 1670704778070293, 0
0, decUtil , 1670704778404233, 0
0, decUtil , 1670704777569322, 0
0, decUtil , 1670704777736304, 0
0, decUtil , 1670704777903284, 0
0, decUtil , 1670704778070293, 0
0, violPwr , 1670704778439227, 0
0, violThm , 1670704778439580, 0
0, temp    , 1670704779440271, 37
0, memUtil , 1670704778404233, 0
0, memUtil , 1670704778571215, 0
0, memUtil , 1670704778738198, 0
0, memUtil , 1670704778905178, 0
0, memUtil , 1670704779072160, 0
0, memUtil , 1670704779239143, 0
0, memUtil , 1670704779406151, 0
0, gpuUtil , 1670704778404233, 0
0, gpuUtil , 1670704778571215, 0
0, gpuUtil , 1670704778738198, 0
0, gpuUtil , 1670704778905178, 0
0, gpuUtil , 1670704779072160, 0
0, gpuUtil , 1670704779239143, 0
0, gpuUtil , 1670704779406151, 0
0, encUtil , 1670704778404233, 0
0, encUtil , 1670704778571215, 0
0, encUtil , 1670704778738198, 0
0, encUtil , 1670704778905178, 0
0, encUtil , 1670704779072160, 0
0, encUtil , 1670704779239143, 0
0, encUtil , 1670704779406151, 0
0, decUtil , 1670704778404233, 0
0, decUtil , 1670704778571215, 0
0, decUtil , 1670704778738198, 0
0, decUtil , 1670704778905178, 0
0, decUtil , 1670704779072160, 0
0, decUtil , 1670704779239143, 0
0, decUtil , 1670704779406151, 0
0, violPwr , 1670704779446589, 0
0, violThm , 1670704779446952, 0
0, temp    , 1670704780447505, 37
0, memUtil , 1670704779573109, 0
0, memUtil , 1670704779740092, 0
0, memUtil , 1670704779907072, 0
0, memUtil , 1670704780074056, 0
0, memUtil , 1670704780241038, 0
0, memUtil , 1670704780408021, 0
0, gpuUtil , 1670704779573109, 0
0, gpuUtil , 1670704779740092, 0
0, gpuUtil , 1670704779907072, 0
0, gpuUtil , 1670704780074056, 0
0, gpuUtil , 1670704780241038, 0
0, gpuUtil , 1670704780408021, 0
0, encUtil , 1670704779573109, 0
0, encUtil , 1670704779740092, 0
0, encUtil , 1670704779907072, 0
0, encUtil , 1670704780074056, 0
0, encUtil , 1670704780241038, 0
0, encUtil , 1670704780408021, 0
0, decUtil , 1670704779573109, 0
0, decUtil , 1670704779740092, 0
0, decUtil , 1670704779907072, 0
0, decUtil , 1670704780074056, 0
0, decUtil , 1670704780241038, 0
0, decUtil , 1670704780408021, 0
0, violPwr , 1670704780453884, 0
0, violThm , 1670704780454272, 0
0, temp    , 1670704781455020, 37
0, memUtil , 1670704780575003, 0
0, memUtil , 1670704780742008, 0
0, memUtil , 1670704780908965, 0
0, memUtil , 1670704781075949, 0
0, memUtil , 1670704781242929, 0
0, memUtil , 1670704781409914, 0
0, gpuUtil , 1670704780575003, 0
0, gpuUtil , 1670704780742008, 0
0, gpuUtil , 1670704780908965, 0
0, gpuUtil , 1670704781075949, 0
0, gpuUtil , 1670704781242929, 0
0, gpuUtil , 1670704781409914, 0
0, encUtil , 1670704780575003, 0
0, encUtil , 1670704780742008, 0
0, encUtil , 1670704780908965, 0
0, encUtil , 1670704781075949, 0
0, encUtil , 1670704781242929, 0
0, encUtil , 1670704781409914, 0
0, decUtil , 1670704780575003, 0
0, decUtil , 1670704780742008, 0
0, decUtil , 1670704780908965, 0
0, decUtil , 1670704781075949, 0
0, decUtil , 1670704781242929, 0
0, decUtil , 1670704781409914, 0
0, violPwr , 1670704781461419, 0
0, violThm , 1670704781461811, 0
0, pwrDraw , 1670704781671050, 28
0, temp    , 1670704782472341, 37
0, memUtil , 1670704781576896, 0
0, memUtil , 1670704781743949, 0
0, memUtil , 1670704781910919, 0
0, memUtil , 1670704782077927, 0
0, memUtil , 1670704782244883, 0
0, memUtil , 1670704782411868, 0
0, gpuUtil , 1670704781576896, 0
0, gpuUtil , 1670704781743949, 0
0, gpuUtil , 1670704781910919, 0
0, gpuUtil , 1670704782077927, 0
0, gpuUtil , 1670704782244883, 0
0, gpuUtil , 1670704782411868, 0
0, encUtil , 1670704781576896, 0
0, encUtil , 1670704781743949, 0
0, encUtil , 1670704781910919, 0
0, encUtil , 1670704782077927, 0
0, encUtil , 1670704782244883, 0
0, encUtil , 1670704782411868, 0
0, decUtil , 1670704781576896, 0
0, decUtil , 1670704781743949, 0
0, decUtil , 1670704781910919, 0
0, decUtil , 1670704782077927, 0
0, decUtil , 1670704782244883, 0
0, decUtil , 1670704782411868, 0
0, violPwr , 1670704782478723, 0
0, violThm , 1670704782479087, 0
0, temp    , 1670704783479757, 37
0, memUtil , 1670704782578850, 0
0, memUtil , 1670704782745832, 0
0, memUtil , 1670704782912812, 0
0, memUtil , 1670704783079797, 0
0, memUtil , 1670704783246777, 0
0, memUtil , 1670704783413785, 0
0, gpuUtil , 1670704782578850, 0
0, gpuUtil , 1670704782745832, 0
0, gpuUtil , 1670704782912812, 0
0, gpuUtil , 1670704783079797, 0
0, gpuUtil , 1670704783246777, 0
0, gpuUtil , 1670704783413785, 0
0, encUtil , 1670704782578850, 0
0, encUtil , 1670704782745832, 0
0, encUtil , 1670704782912812, 0
0, encUtil , 1670704783079797, 0
0, encUtil , 1670704783246777, 0
0, encUtil , 1670704783413785, 0
0, decUtil , 1670704782578850, 0
0, decUtil , 1670704782745832, 0
0, decUtil , 1670704782912812, 0
0, decUtil , 1670704783079797, 0
0, decUtil , 1670704783246777, 0
0, decUtil , 1670704783413785, 0
0, violPwr , 1670704783486123, 0
0, violThm , 1670704783486531, 0
0, temp    , 1670704784497009, 