1, pwrDraw , 1670705300904591, 9
1, temp    , 1670705301677920, 24
1, memUtil , 1670705300767255, 0
1, memUtil , 1670705300934604, 0
1, memUtil , 1670705301101748, 0
1, memUtil , 1670705301435972, 0
1, memUtil , 1670705301603052, 0
1, gpuUtil , 1670705300767255, 0
1, gpuUtil , 1670705300934604, 0
1, gpuUtil , 1670705301101748, 0
1, gpuUtil , 1670705301435972, 0
1, gpuUtil , 1670705301603052, 0
1, encUtil , 1670705300767255, 0
1, encUtil , 1670705300934604, 0
1, encUtil , 1670705301101748, 0
1, encUtil , 1670705301435972, 0
1, encUtil , 1670705301603052, 0
1, decUtil , 1670705300767255, 0
1, decUtil , 1670705300934604, 0
1, decUtil , 1670705301101748, 0
1, decUtil , 1670705301435972, 0
1, decUtil , 1670705301603052, 0
1, violPwr , 1670705301683402, 0
1, violThm , 1670705301684394, 0
1, pwrDraw , 1670705301904379, 9
1, temp    , 1670705302705520, 24
1, memUtil , 1670705301770163, 0
1, memUtil , 1670705301937542, 0
1, memUtil , 1670705302104683, 0
1, memUtil , 1670705302438880, 0
1, memUtil , 1670705302605960, 0
1, gpuUtil , 1670705301770163, 0
1, gpuUtil , 1670705301937542, 0
1, gpuUtil , 1670705302104683, 0
1, gpuUtil , 1670705302438880, 0
1, gpuUtil , 1670705302605960, 0
1, encUtil , 1670705301770163, 0
1, encUtil , 1670705301937542, 0
1, encUtil , 1670705302104683, 0
1, encUtil , 1670705302438880, 0
1, encUtil , 1670705302605960, 0
1, decUtil , 1670705301770163, 0
1, decUtil , 1670705301937542, 0
1, decUtil , 1670705302104683, 0
1, decUtil , 1670705302438880, 0
1, decUtil , 1670705302605960, 0
1, violPwr , 1670705302710660, 0
1, violThm , 1670705302711042, 0
1, pwrDraw , 1670705302907137, 9
1, temp    , 1670705303725441, 24
1, memUtil , 1670705302773101, 0
1, memUtil , 1670705302940450, 0
1, memUtil , 1670705303107591, 0
1, memUtil , 1670705303441788, 0
1, memUtil , 1670705303608866, 0
1, gpuUtil , 1670705302773101, 0
1, gpuUtil , 1670705302940450, 0
1, gpuUtil , 1670705303107591, 0
1, gpuUtil , 1670705303441788, 0
1, gpuUtil , 1670705303608866, 0
1, encUtil , 1670705302773101, 0
1, encUtil , 1670705302940450, 0
1, encUtil , 1670705303107591, 0
1, encUtil , 1670705303441788, 0
1, encUtil , 1670705303608866, 0
1, decUtil , 1670705302773101, 0
1, decUtil , 1670705302940450, 0
1, decUtil , 1670705303107591, 0
1, decUtil , 1670705303441788, 0
1, decUtil , 1670705303608866, 0
1, violPwr , 1670705303730488, 0
1, violThm , 1670705303730798, 0
1, pwrDraw , 1670705303922352, 9
1, temp    , 1670705304750726, 24
1, memUtil , 1670705303775980, 0
1, memUtil , 1670705303943428, 0
1, memUtil , 1670705304110590, 0
1, memUtil , 1670705304444787, 0
1, memUtil , 1670705304611867, 0
1, gpuUtil , 1670705303775980, 0
1, gpuUtil , 1670705303943428, 0
1, gpuUtil , 1670705304110590, 0
1, gpuUtil , 1670705304444787, 0
1, gpuUtil , 1670705304611867, 0
1, encUtil , 1670705303775980, 0
1, encUtil , 1670705303943428, 0
1, encUtil , 1670705304110590, 0
1, encUtil , 1670705304444787, 0
1, encUtil , 1670705304611867, 0
1, decUtil , 1670705303775980, 0
1, decUtil , 1670705303943428, 0
1, decUtil , 1670705304110590, 0
1, decUtil , 1670705304444787, 0
1, decUtil , 1670705304611867, 0
1, violPwr , 1670705304755846, 15112722556221421600
1, violThm , 1670705304756118, 0
1, pwrDraw , 1670705304910164, 9
1, temp    , 1670705305769298, 24
1, memUtil , 1670705304778979, 0
1, memUtil , 1670705304946397, 0
1, memUtil , 1670705305113559, 0
1, memUtil , 1670705305447756, 0
1, memUtil , 1670705305614833, 0
1, gpuUtil , 1670705304778979, 0
1, gpuUtil , 1670705304946397, 0
1, gpuUtil , 1670705305113559, 0
1, gpuUtil , 1670705305447756, 0
1, gpuUtil , 1670705305614833, 0
1, encUtil , 1670705304778979, 0
1, encUtil , 1670705304946397, 0
1, encUtil , 1670705305113559, 0
1, encUtil , 1670705305447756, 0
1, encUtil , 1670705305614833, 0
1, decUtil , 1670705304778979, 0
1, decUtil , 1670705304946397, 0
1, decUtil , 1670705305113559, 0
1, decUtil , 1670705305447756, 0
1, decUtil , 1670705305614833, 0
1, violPwr , 1670705305774555, 15112722556221421600
1, violThm , 1670705305774808, 0
1, pwrDraw , 1670705305910678, 9
1, temp    , 1670705306787156, 24
1, memUtil , 1670705305781811, 0
1, memUtil , 1670705305949245, 0
1, memUtil , 1670705306116380, 0
1, memUtil , 1670705306450565, 0
1, memUtil , 1670705306617611, 0
1, memUtil , 1670705306784687, 0
1, gpuUtil , 1670705305781811, 0
1, gpuUtil , 1670705305949245, 0
1, gpuUtil , 1670705306116380, 0
1, gpuUtil , 1670705306450565, 0
1, gpuUtil , 1670705306617611, 0
1, gpuUtil , 1670705306784687, 0
1, encUtil , 1670705305781811, 0
1, encUtil , 1670705305949245, 0
1, encUtil , 1670705306116380, 0
1, encUtil , 1670705306450565, 0
1, encUtil , 1670705306617611, 0
1, encUtil , 1670705306784687, 0
1, decUtil , 1670705305781811, 0
1, decUtil , 1670705305949245, 0
1, decUtil , 1670705306116380, 0
1, decUtil , 1670705306450565, 0
1, decUtil , 1670705306617611, 0
1, decUtil , 1670705306784687, 0
1, violPwr , 1670705306792176, 1988495008
1, violThm , 1670705306792586, 0
1, pwrDraw , 1670705306913366, 9
1, temp    , 1670705307805114, 24
1, memUtil , 1670705307787502, 0
1, memUtil , 1670705306952000, 0
1, memUtil , 1670705307119076, 0
1, memUtil , 1670705307453260, 0
1, gpuUtil , 1670705307787502, 0
1, gpuUtil , 1670705306952000, 0
1, gpuUtil , 1670705307119076, 0
1, gpuUtil , 1670705307453260, 0
1, encUtil , 1670705307787502, 0
1, encUtil , 1670705306952000, 0
1, encUtil , 1670705307119076, 0
1, encUtil , 1670705307453260, 0
1, decUtil , 1670705307787502, 0
1, decUtil , 1670705306952000, 0
1, decUtil , 1670705307119076, 0
1, decUtil , 1670705307453260, 0
1, violPwr , 1670705307810197, 1988495008
1, violThm , 1670705307810630, 0
1, pwrDraw , 1670705307914142, 9
1, temp    , 1670705308827253, 23
1, memUtil , 1670705307787502, 0
1, memUtil , 1670705307954880, 0
1, memUtil , 1670705308121952, 0
1, memUtil , 1670705308456163, 0
1, memUtil , 1670705308623242, 0
1, memUtil , 1670705308790378, 0
1, gpuUtil , 1670705307787502, 0
1, gpuUtil , 1670705307954880, 0
1, gpuUtil , 1670705308121952, 0
1, gpuUtil , 1670705308456163, 0
1, gpuUtil , 1670705308623242, 0
1, gpuUtil , 1670705308790378, 0
1, encUtil , 1670705307787502, 0
1, encUtil , 1670705307954880, 0
1, encUtil , 1670705308121952, 0
1, encUtil , 1670705308456163, 0
1, encUtil , 1670705308623242, 0
1, encUtil , 1670705308790378, 0
1, decUtil , 1670705307787502, 0
1, decUtil , 1670705307954880, 0
1, decUtil , 1670705308121952, 0
1, decUtil , 1670705308456163, 0
1, decUtil , 1670705308623242, 0
1, decUtil , 1670705308790378, 0
1, violPwr , 1670705308832193, 1988495008
1, violThm , 1670705308832620, 0
1, pwrDraw , 1670705308914441, 9
1, temp    , 1670705309846156, 23
1, memUtil , 1670705308957756, 0
1, memUtil , 1670705309124857, 0
1, memUtil , 1670705309291963, 0
1, memUtil , 1670705309459071, 0
1, memUtil , 1670705309626147, 0
1, memUtil , 1670705309793283, 0
1, gpuUtil , 1670705308957756, 0
1, gpuUtil , 1670705309124857, 0
1, gpuUtil , 1670705309291963, 0
1, gpuUtil , 1670705309459071, 0
1, gpuUtil , 1670705309626147, 0
1, gpuUtil , 1670705309793283, 0
1, encUtil , 1670705308957756, 0
1, encUtil , 1670705309124857, 0
1, encUtil , 1670705309291963, 0
1, encUtil , 1670705309459071, 0
1, encUtil , 1670705309626147, 0
1, encUtil , 1670705309793283, 0
1, decUtil , 1670705308957756, 0
1, decUtil , 1670705309124857, 0
1, decUtil , 1670705309291963, 0
1, decUtil , 1670705309459071, 0
1, decUtil , 1670705309626147, 0
1, decUtil , 1670705309793283, 0
1, violPwr , 1670705309851136, 1988495008
1, violThm , 1670705309851555, 0
1, pwrDraw , 1670705309930190, 9
1, pwrDraw , 1670705310649780, 11
1, pwrDraw , 1670705310662510, 33
1, pwrDraw , 1670705310682547, 48
1, pwrDraw , 1670705310702694, 52
1, pwrDraw , 1670705310722570, 53
1, pwrDraw , 1670705310742543, 53
1, pwrDraw , 1670705310762551, 53
1, pwrDraw , 1670705310782741, 52
1, pwrDraw , 1670705310802864, 52
1, pwrDraw , 1670705310822902, 54
1, pwrDraw , 1670705310842815, 56
1, pwrDraw , 1670705310862805, 56
1, temp    , 1670705310868147, 24
1, memUtil , 1670705309960638, 0
1, memUtil , 1670705310127762, 0
1, memUtil , 1670705310294868, 0
1, memUtil , 1670705310461977, 0
1, memUtil , 1670705310629053, 0
1, memUtil , 1670705310802468, 1
1, gpuUtil , 1670705309960638, 0
1, gpuUtil , 1670705310127762, 0
1, gpuUtil , 1670705310294868, 0
1, gpuUtil , 1670705310461977, 0
1, gpuUtil , 1670705310629053, 0
1, gpuUtil , 1670705310802468, 67
1, encUtil , 1670705309960638, 0
1, encUtil , 1670705310127762, 0
1, encUtil , 1670705310294868, 0
1, encUtil , 1670705310461977, 0
1, encUtil , 1670705310629053, 0
1, encUtil , 1670705310802468, 0
1, decUtil , 1670705309960638, 0
1, decUtil , 1670705310127762, 0
1, decUtil , 1670705310294868, 0
1, decUtil , 1670705310461977, 0
1, decUtil , 1670705310629053, 0
1, decUtil , 1670705310802468, 0
1, procClk , 1670705310647546, 139
1, procClk , 1670705310650071, 139
1, procClk , 1670705310653093, 1025
1, procClk , 1670705310653878, 1025
1, procClk , 1670705310664819, 1417
1, procClk , 1670705310665486, 1417
1, procClk , 1670705310804691, 1569
1, procClk , 1670705310805324, 1569
1, memClk  , 1670705310647546, 405
1, memClk  , 1670705310650071, 4513
1, memClk  , 1670705310653093, 4513
1, memClk  , 1670705310653878, 4513
1, memClk  , 1670705310664819, 4513
1, memClk  , 1670705310665486, 4513
1, memClk  , 1670705310804691, 4513
1, memClk  , 1670705310805324, 4513
1, violPwr , 1670705310873807, 2721009248
1, violThm , 1670705310874042, 0
1, pwrDraw , 1670705310882883, 56
1, pwrDraw , 1670705310903146, 55
1, pwrDraw , 1670705310923054, 55
1, pwrDraw , 1670705310943056, 55
1, pwrDraw , 1670705310963057, 56
1, pwrDraw , 1670705310983195, 55
1, pwrDraw , 1670705311003137, 56
1, pwrDraw , 1670705311023244, 56
1, pwrDraw , 1670705311043199, 56
1, pwrDraw , 1670705311063206, 56
1, pwrDraw , 1670705311083221, 56
1, pwrDraw , 1670705311103522, 56
1, pwrDraw , 1670705311123431, 56
1, pwrDraw , 1670705311143426, 56
1, pwrDraw , 1670705311163440, 56
1, pwrDraw , 1670705311183591, 56
1, pwrDraw , 1670705311203514, 56
1, pwrDraw , 1670705311223616, 56
1, pwrDraw , 1670705311243602, 89
1, pwrDraw , 1670705311263613, 100
1, pwrDraw , 1670705311283624, 101
1, pwrDraw , 1670705311303932, 101
1, pwrDraw , 1670705311324427, 134
1, pwrDraw , 1670705311343902, 148
1, pwrDraw , 1670705311363900, 152
1, pwrDraw , 1670705311383911, 155
1, pwrDraw , 1670705311404001, 96
1, pwrDraw , 1670705311424082, 77
1, pwrDraw , 1670705311444063, 73
1, pwrDraw , 1670705311464074, 113
1, pwrDraw , 1670705311484248, 111
1, pwrDraw , 1670705311517808, 162
1, pwrDraw , 1670705311526334, 167
1, pwrDraw , 1670705311546185, 163
1, pwrDraw , 1670705311566170, 162
1, pwrDraw , 1670705311586129, 162
1, pwrDraw , 1670705311606179, 163
1, pwrDraw , 1670705311626150, 166
1, pwrDraw , 1670705311646318, 135
1, pwrDraw , 1670705311666231, 87
1, pwrDraw , 1670705311686242, 78
1, pwrDraw , 1670705311706564, 77
1, pwrDraw , 1670705311726463, 115
1, pwrDraw , 1670705311746533, 143
1, pwrDraw , 1670705311766465, 163
1, pwrDraw , 1670705311786496, 165
1, pwrDraw , 1670705311806588, 163
1, pwrDraw , 1670705311826532, 162
1, pwrDraw , 1670705311846658, 163
1, pwrDraw , 1670705311866638, 165
1, pwrDraw , 1670705311886655, 168
1, temp    , 1670705311895211, 33
1, memUtil , 1670705310969658, 0
1, memUtil , 1670705311136942, 0
1, memUtil , 1670705311304210, 13
1, memUtil , 1670705311471464, 21
1, memUtil , 1670705311640512, 33
1, memUtil , 1670705311807737, 22
1, gpuUtil , 1670705310969658, 24
1, gpuUtil , 1670705311136942, 0
1, gpuUtil , 1670705311304210, 47
1, gpuUtil , 1670705311471464, 85
1, gpuUtil , 1670705311640512, 98
1, gpuUtil , 1670705311807737, 87
1, encUtil , 1670705310969658, 0
1, encUtil , 1670705311136942, 0
1, encUtil , 1670705311304210, 0
1, encUtil , 1670705311471464, 0
1, encUtil , 1670705311640512, 0
1, encUtil , 1670705311807737, 0
1, decUtil , 1670705310969658, 0
1, decUtil , 1670705311136942, 0
1, decUtil , 1670705311304210, 0
1, decUtil , 1670705311471464, 0
1, decUtil , 1670705311640512, 0
1, decUtil , 1670705311807737, 0
1, procClk , 1670705311306738, 1885
1, procClk , 1670705311307415, 1885
1, procClk , 1670705311474170, 1911
1, procClk , 1670705311474858, 1911
1, procClk , 1670705311526918, 1911
1, procClk , 1670705311528227, 1898
1, memClk  , 1670705311306738, 4513
1, memClk  , 1670705311307415, 4513
1, memClk  , 1670705311474170, 4513
1, memClk  , 1670705311474858, 4513
1, memClk  , 1670705311526918, 4513
1, memClk  , 1670705311528227, 4513
1, violPwr , 1670705311901146, 2721009248
1, violThm , 1670705311901578, 0
1, pwrDraw , 1670705312008592, 159
1, pwrDraw , 1670705312028448, 168
1, pwrDraw , 1670705312048560, 168
1, pwrDraw , 1670705312068502, 166
1, pwrDraw , 1670705312088518, 166
1, pwrDraw , 1670705312108831, 167
1, pwrDraw , 1670705312128706, 171
1, pwrDraw , 1670705312148796, 155
1, pwrDraw , 1670705312168740, 93
1, pwrDraw , 1670705312188751, 81
1, pwrDraw , 1670705312208890, 78
1, pwrDraw , 1670705312228836, 120
1, pwrDraw , 1670705312248922, 143
1, pwrDraw , 1670705312268909, 166
1, pwrDraw , 1670705312288940, 169
1, pwrDraw , 1670705312309238, 167
1, pwrDraw , 1670705312329663, 166
1, pwrDraw , 1670705312349275, 167
1, pwrDraw , 1670705312369233, 169
1, pwrDraw , 1670705312389243, 173
1, pwrDraw , 1670705312409259, 119
1, pwrDraw , 1670705312429340, 86
1, pwrDraw , 1670705312449414, 79
1, pwrDraw , 1670705312469406, 116
1, pwrDraw , 1670705312489414, 118
1, pwrDraw , 1670705312509730, 157
1, pwrDraw , 1670705312529600, 169
1, pwrDraw , 1670705312549681, 169
1, pwrDraw , 1670705312569640, 168
1, pwrDraw , 1670705312589726, 167
1, pwrDraw , 1670705312609691, 168
1, pwrDraw , 1670705312629740, 171
1, pwrDraw , 1670705312649854, 174
1, pwrDraw , 1670705312669789, 99
1, pwrDraw , 1670705312689799, 82
1, pwrDraw , 1670705312710113, 79
1, pwrDraw , 1670705312730008, 122
1, pwrDraw , 1670705312750080, 126
1, pwrDraw , 1670705312770015, 164
1, pwrDraw , 1670705312790027, 170
1, pwrDraw , 1670705312810044, 169
1, pwrDraw , 1670705312830113, 168
1, pwrDraw , 1670705312850168, 168
1, pwrDraw , 1670705312870160, 170
1, pwrDraw , 1670705312890171, 173
1, pwrDraw , 1670705312910506, 136
1, pwrDraw , 1670705311920483, 99
1, pwrDraw , 1670705311928377, 81
1, pwrDraw , 1670705311948454, 78
1, pwrDraw , 1670705311968374, 121
1, temp    , 1670705312919902, 38
1, memUtil , 1670705311976493, 21
1, memUtil , 1670705312143779, 34
1, memUtil , 1670705312311035, 22
1, memUtil , 1670705312478321, 21
1, memUtil , 1670705312645607, 34
1, memUtil , 1670705312812802, 22
1, gpuUtil , 1670705311976493, 84
1, gpuUtil , 1670705312143779, 99
1, gpuUtil , 1670705312311035, 85
1, gpuUtil , 1670705312478321, 85
1, gpuUtil , 1670705312645607, 99
1, gpuUtil , 1670705312812802, 85
1, encUtil , 1670705311976493, 0
1, encUtil , 1670705312143779, 0
1, encUtil , 1670705312311035, 0
1, encUtil , 1670705312478321, 0
1, encUtil , 1670705312645607, 0
1, encUtil , 1670705312812802, 0
1, decUtil , 1670705311976493, 0
1, decUtil , 1670705312143779, 0
1, decUtil , 1670705312311035, 0
1, decUtil , 1670705312478321, 0
1, decUtil , 1670705312645607, 0
1, decUtil , 1670705312812802, 0
1, procClk , 1670705311929703, 1898
1, procClk , 1670705311930389, 1898
1, memClk  , 1670705311929703, 4513
1, memClk  , 1670705311930389, 4513
1, violPwr , 1670705312925776, 2721009248
1, violThm , 1670705312926013, 0
1, pwrDraw , 1670705312008592, 159
1, pwrDraw , 1670705312028448, 168
1, pwrDraw , 1670705312048560, 168
1, pwrDraw , 1670705312068502, 166
1, pwrDraw , 1670705312088518, 166
1, pwrDraw , 1670705312108831, 167
1, pwrDraw , 1670705312128706, 171
1, pwrDraw , 1670705312148796, 155
1, pwrDraw , 1670705312168740, 93
1, pwrDraw , 1670705312188751, 81
1, pwrDraw , 1670705312208890, 78
1, pwrDraw , 1670705312228836, 120
1, pwrDraw , 1670705312248922, 143
1, pwrDraw , 1670705312268909, 166
1, pwrDraw , 1670705312288940, 169
1, pwrDraw , 1670705312309238, 167
1, pwrDraw , 1670705312329663, 166
1, pwrDraw , 1670705312349275, 167
1, pwrDraw , 1670705312369233, 169
1, pwrDraw , 1670705312389243, 173
1, pwrDraw , 1670705312409259, 119
1, pwrDraw , 1670705312429340, 86
1, pwrDraw , 1670705312449414, 79
1, pwrDraw , 1670705312469406, 116
1, pwrDraw , 1670705312489414, 118
1, pwrDraw , 1670705312509730, 157
1, pwrDraw , 1670705312529600, 169
1, pwrDraw , 1670705312549681, 169
1, pwrDraw , 1670705312569640, 168
1, pwrDraw , 1670705312589726, 167
1, pwrDraw , 1670705312609691, 168
1, pwrDraw , 1670705312629740, 171
1, pwrDraw , 1670705312649854, 174
1, pwrDraw , 1670705312669789, 99
1, pwrDraw , 1670705312689799, 82
1, pwrDraw , 1670705312710113, 79
1, pwrDraw , 1670705312730008, 122
1, pwrDraw , 1670705312750080, 126
1, pwrDraw , 1670705312770015, 164
1, pwrDraw , 1670705312790027, 170
1, pwrDraw , 1670705312810044, 169
1, pwrDraw , 1670705312830113, 168
1, pwrDraw , 1670705312850168, 168
1, pwrDraw , 1670705312870160, 170
1, pwrDraw , 1670705312890171, 173
1, pwrDraw , 1670705312910506, 136
1, pwrDraw , 1670705312930358, 89
1, pwrDraw , 1670705312950435, 81
1, pwrDraw , 1670705312970399, 84
1, pwrDraw , 1670705312990401, 120
1, pwrDraw , 1670705313010420, 149
1, pwrDraw , 1670705313030628, 168
1, pwrDraw , 1670705313050578, 170
1, pwrDraw , 1670705313070572, 168
1, pwrDraw , 1670705313090578, 168
1, pwrDraw , 1670705313110957, 168
1, pwrDraw , 1670705313130699, 171
1, pwrDraw , 1670705313150800, 174
1, pwrDraw , 1670705313170741, 112
1, pwrDraw , 1670705313190757, 85
1, pwrDraw , 1670705313210762, 80
1, pwrDraw , 1670705313230929, 122
1, pwrDraw , 1670705313251018, 117
1, pwrDraw , 1670705313270944, 161
1, pwrDraw , 1670705313290970, 171
1, pwrDraw , 1670705313311297, 170
1, pwrDraw , 1670705313331810, 168
1, pwrDraw , 1670705313351390, 168
1, pwrDraw , 1670705313371328, 170
1, pwrDraw , 1670705313391344, 173
1, pwrDraw , 1670705313411364, 162
1, pwrDraw , 1670705313431360, 95
1, pwrDraw , 1670705313451585, 82
1, pwrDraw , 1670705313471576, 79
1, pwrDraw , 1670705313491577, 122
1, pwrDraw , 1670705313511945, 143
1, pwrDraw , 1670705313531728, 167
1, pwrDraw , 1670705313551806, 171
1, pwrDraw , 1670705313571780, 169
1, pwrDraw , 1670705313591776, 168
1, pwrDraw , 1670705313611840, 169
1, pwrDraw , 1670705313631827, 171
1, pwrDraw , 1670705313652050, 174
1, pwrDraw , 1670705313672029, 122
1, pwrDraw , 1670705313692039, 87
1, pwrDraw , 1670705313725316, 80
1, pwrDraw , 1670705313735690, 121
1, pwrDraw , 1670705313754936, 117
1, pwrDraw , 1670705313774838, 159
1, pwrDraw , 1670705313794848, 170
1, pwrDraw , 1670705313814865, 170
1, pwrDraw , 1670705313834878, 168
1, pwrDraw , 1670705313855101, 168
1, pwrDraw , 1670705313875078, 169
1, pwrDraw , 1670705313895079, 172
1, pwrDraw , 1670705313915475, 175
1, pwrDraw , 1670705313935177, 98
1, temp    , 1670705313942623, 41
1, memUtil , 1670705312980088, 22
1, memUtil , 1670705313147384, 33
1, memUtil , 1670705313314630, 22
1, memUtil , 1670705313482036, 22
1, memUtil , 1670705313649451, 33
1, memUtil , 1670705313819158, 22
1, gpuUtil , 1670705312980088, 85
1, gpuUtil , 1670705313147384, 99
1, gpuUtil , 1670705313314630, 85
1, gpuUtil , 1670705313482036, 85
1, gpuUtil , 1670705313649451, 99
1, gpuUtil , 1670705313819158, 85
1, encUtil , 1670705312980088, 0
1, encUtil , 1670705313147384, 0
1, encUtil , 1670705313314630, 0
1, encUtil , 1670705313482036, 0
1, encUtil , 1670705313649451, 0
1, encUtil , 1670705313819158, 0
1, decUtil , 1670705312980088, 0
1, decUtil , 1670705313147384, 0
1, decUtil , 1670705313314630, 0
1, decUtil , 1670705313482036, 0
1, decUtil , 1670705313649451, 0
1, decUtil , 1670705313819158, 0
1, procClk , 1670705313736382, 1885
1, procClk , 1670705313737081, 1885
1, memClk  , 1670705313736382, 4513
1, memClk  , 1670705313737081, 4513
1, violPwr , 1670705313948530, 2721009248
1, violThm , 1670705313948778, 0
1, pwrDraw , 1670705314416357, 174
1, pwrDraw , 1670705314436362, 111
1, pwrDraw , 1670705314456511, 86
1, pwrDraw , 1670705314476502, 81
1, pwrDraw , 1670705314496483, 124
1, pwrDraw , 1670705314516743, 118
1, pwrDraw , 1670705314536632, 161
1, pwrDraw , 1670705314556753, 171
1, pwrDraw , 1670705314576706, 170
1, pwrDraw , 1670705314596717, 169
1, pwrDraw , 1670705314616753, 169
1, pwrDraw , 1670705314636791, 170
1, pwrDraw , 1670705314656985, 173
1, pwrDraw , 1670705314676891, 169
1, pwrDraw , 1670705314696860, 97
1, pwrDraw , 1670705314717041, 83
1, pwrDraw , 1670705314737002, 80
1, pwrDraw , 1670705314757131, 123
1, pwrDraw , 1670705314777083, 140
1, pwrDraw , 1670705314797094, 167
1, pwrDraw , 1670705314817111, 171
1, pwrDraw , 1670705314837120, 169
1, pwrDraw , 1670705314857244, 169
1, pwrDraw , 1670705314877275, 169
1, pwrDraw , 1670705314897239, 171
1, pwrDraw , 1670705314917490, 174
1, pwrDraw , 1670705314937349, 128
1, pwrDraw , 1670705314957477, 89
1, pwrDraw , 1670705313955405, 83
1, pwrDraw , 1670705313975395, 80
1, pwrDraw , 1670705313995413, 123
1, pwrDraw , 1670705314015424, 131
1, pwrDraw , 1670705314035455, 166
1, pwrDraw , 1670705314055760, 171
1, pwrDraw , 1670705314075670, 169
1, pwrDraw , 1670705314095645, 168
1, pwrDraw , 1670705314115902, 168
1, pwrDraw , 1670705314135787, 170
1, pwrDraw , 1670705314156072, 173
1, pwrDraw , 1670705314175870, 134
1, pwrDraw , 1670705314195898, 90
1, pwrDraw , 1670705314215911, 81
1, pwrDraw , 1670705314235894, 90
1, pwrDraw , 1670705314256132, 120
1, pwrDraw , 1670705314276036, 151
1, pwrDraw , 1670705314296022, 169
1, pwrDraw , 1670705314316259, 171
1, pwrDraw , 1670705314336539, 169
1, pwrDraw , 1670705314356375, 168
1, pwrDraw , 1670705314376335, 169
1, temp    , 1670705314965404, 42
1, memUtil , 1670705313986624, 22
1, memUtil , 1670705314154125, 33
1, memUtil , 1670705314321196, 22
1, memUtil , 1670705314488482, 22
1, memUtil , 1670705314655789, 33
1, memUtil , 1670705314822963, 22
1, gpuUtil , 1670705313986624, 85
1, gpuUtil , 1670705314154125, 99
1, gpuUtil , 1670705314321196, 85
1, gpuUtil , 1670705314488482, 85
1, gpuUtil , 1670705314655789, 99
1, gpuUtil , 1670705314822963, 85
1, encUtil , 1670705313986624, 0
1, encUtil , 1670705314154125, 0
1, encUtil , 1670705314321196, 0
1, encUtil , 1670705314488482, 0
1, encUtil , 1670705314655789, 0
1, encUtil , 1670705314822963, 0
1, decUtil , 1670705313986624, 0
1, decUtil , 1670705314154125, 0
1, decUtil , 1670705314321196, 0
1, decUtil , 1670705314488482, 0
1, decUtil , 1670705314655789, 0
1, decUtil , 1670705314822963, 0
1, violPwr , 1670705314971290, 2721009248
1, violThm , 1670705314971566, 0
1, pwrDraw , 1670705314416357, 174
1, pwrDraw , 1670705314436362, 111
1, pwrDraw , 1670705314456511, 86
1, pwrDraw , 1670705314476502, 81
1, pwrDraw , 1670705314496483, 124
1, pwrDraw , 1670705314516743, 118
1, pwrDraw , 1670705314536632, 161
1, pwrDraw , 1670705314556753, 171
1, pwrDraw , 1670705314576706, 170
1, pwrDraw , 1670705314596717, 169
1, pwrDraw , 1670705314616753, 169
1, pwrDraw , 1670705314636791, 170
1, pwrDraw , 1670705314656985, 173
1, pwrDraw , 1670705314676891, 169
1, pwrDraw , 1670705314696860, 97
1, pwrDraw , 1670705314717041, 83
1, pwrDraw , 1670705314737002, 80
1, pwrDraw , 1670705314757131, 123
1, pwrDraw , 1670705314777083, 140
1, pwrDraw , 1670705314797094, 167
1, pwrDraw , 1670705314817111, 171
1, pwrDraw , 1670705314837120, 169
1, pwrDraw , 1670705314857244, 169
1, pwrDraw , 1670705314877275, 169
1, pwrDraw , 1670705314897239, 171
1, pwrDraw , 1670705314917490, 174
1, pwrDraw , 1670705314937349, 128
1, pwrDraw , 1670705314957477, 89
1, pwrDraw , 1670705314977481, 81
1, pwrDraw , 1670705314997449, 103
1, pwrDraw , 1670705315017458, 120
1, pwrDraw , 1670705315037462, 154
1, pwrDraw , 1670705315057594, 170
1, pwrDraw , 1670705315077765, 171
1, pwrDraw , 1670705315097625, 169
1, pwrDraw , 1670705315117765, 169
1, pwrDraw , 1670705315137733, 169
1, pwrDraw , 1670705315157971, 172
1, pwrDraw , 1670705315177815, 175
1, pwrDraw , 1670705315197818, 107
1, pwrDraw , 1670705315217829, 85
1, pwrDraw , 1670705315237840, 81
1, pwrDraw , 1670705315257968, 123
1, pwrDraw , 1670705315278089, 117
1, pwrDraw , 1670705315298003, 163
1, pwrDraw , 1670705315318355, 171
1, pwrDraw , 1670705315338455, 170
1, pwrDraw , 1670705315358373, 169
1, pwrDraw , 1670705315378304, 169
1, pwrDraw , 1670705315398322, 170
1, pwrDraw , 1670705315418332, 174
1, pwrDraw , 1670705315438336, 159
1, pwrDraw , 1670705315458465, 95
1, pwrDraw , 1670705315478418, 83
1, pwrDraw , 1670705315498517, 80
1, pwrDraw , 1670705315518661, 123
1, pwrDraw , 1670705315538600, 145
1, pwrDraw , 1670705315558750, 168
1, pwrDraw , 1670705315578688, 171
1, pwrDraw , 1670705315598698, 170
1, pwrDraw , 1670705315618709, 169
1, pwrDraw , 1670705315638721, 169
1, pwrDraw , 1670705315658909, 172
1, pwrDraw , 1670705315678885, 174
1, pwrDraw , 1670705315698961, 123
1, pwrDraw , 1670705315719318, 88
1, pwrDraw , 1670705315739097, 81
1, pwrDraw , 1670705315759248, 116
1, pwrDraw , 1670705315779185, 119
1, pwrDraw , 1670705315799189, 157
1, pwrDraw , 1670705315819200, 171
1, pwrDraw , 1670705315839215, 171
1, pwrDraw , 1670705315859339, 169
1, pwrDraw , 1670705315879300, 169
1, pwrDraw , 1670705315899462, 170
1, pwrDraw , 1670705315919594, 173
1, pwrDraw , 1670705315939504, 176
1, pwrDraw , 1670705315959633, 103
1, pwrDraw , 1670705315979592, 85
1, temp    , 1670705315995386, 43
1, memUtil , 1670705314990219, 20
1, memUtil , 1670705315157557, 34
1, memUtil , 1670705315324731, 22
1, memUtil , 1670705315492017, 21
1, memUtil , 1670705315659363, 33
1, memUtil , 1670705315826619, 22
1, memUtil , 1670705315993935, 22
1, gpuUtil , 1670705314990219, 85
1, gpuUtil , 1670705315157557, 99
1, gpuUtil , 1670705315324731, 85
1, gpuUtil , 1670705315492017, 85
1, gpuUtil , 1670705315659363, 99
1, gpuUtil , 1670705315826619, 85
1, gpuUtil , 1670705315993935, 85
1, encUtil , 1670705314990219, 0
1, encUtil , 1670705315157557, 0
1, encUtil , 1670705315324731, 0
1, encUtil , 1670705315492017, 0
1, encUtil , 1670705315659363, 0
1, encUtil , 1670705315826619, 0
1, encUtil , 1670705315993935, 0
1, decUtil , 1670705314990219, 0
1, decUtil , 1670705315157557, 0
1, decUtil , 1670705315324731, 0
1, decUtil , 1670705315492017, 0
1, decUtil , 1670705315659363, 0
1, decUtil , 1670705315826619, 0
1, decUtil , 1670705315993935, 0
1, violPwr , 1670705316001161, 2721009248
1, violThm , 1670705316001409, 0
1, pwrDraw , 1670705316821262, 167
1, pwrDraw , 1670705316841278, 172
1, pwrDraw , 1670705316861423, 171
1, pwrDraw , 1670705316881355, 170
1, pwrDraw , 1670705316901373, 170
1, pwrDraw , 1670705316921801, 171
1, pwrDraw , 1670705316941551, 175
1, pwrDraw , 1670705316961632, 138
1, pwrDraw , 1670705316981618, 91
1, pwrDraw , 1670705317001638, 82
1, pwrDraw , 1670705315999599, 81
1, pwrDraw , 1670705316019675, 123
1, pwrDraw , 1670705316039651, 122
1, pwrDraw , 1670705316059774, 165
1, pwrDraw , 1670705316079732, 172
1, pwrDraw , 1670705316099896, 170
1, pwrDraw , 1670705316120089, 169
1, pwrDraw , 1670705316139915, 169
1, pwrDraw , 1670705316160059, 171
1, pwrDraw , 1670705316179995, 174
1, pwrDraw , 1670705316200001, 146
1, pwrDraw , 1670705316220018, 93
1, pwrDraw , 1670705316240048, 82
1, pwrDraw , 1670705316260151, 82
1, pwrDraw , 1670705316280110, 121
1, pwrDraw , 1670705316300121, 148
1, pwrDraw , 1670705316320383, 169
1, pwrDraw , 1670705316340708, 172
1, pwrDraw , 1670705316360534, 170
1, pwrDraw , 1670705316380493, 169
1, pwrDraw , 1670705316400498, 170
1, pwrDraw , 1670705316420509, 172
1, pwrDraw , 1670705316440519, 175
1, pwrDraw , 1670705316460648, 117
1, pwrDraw , 1670705316480607, 87
1, pwrDraw , 1670705316500617, 81
1, pwrDraw , 1670705316520972, 124
1, pwrDraw , 1670705316540820, 119
1, pwrDraw , 1670705316560956, 161
1, pwrDraw , 1670705316580901, 171
1, pwrDraw , 1670705316600905, 171
1, pwrDraw , 1670705316620922, 170
1, pwrDraw , 1670705316640932, 170
1, pwrDraw , 1670705316661055, 171
1, pwrDraw , 1670705316681067, 173
1, pwrDraw , 1670705316701027, 176
1, pwrDraw , 1670705316721299, 100
1, pwrDraw , 1670705316741160, 84
1, pwrDraw , 1670705316761289, 81
1, pwrDraw , 1670705316781248, 124
1, temp    , 1670705317018120, 44
1, memUtil , 1670705316161248, 32
1, memUtil , 1670705316328474, 22
1, memUtil , 1670705316495730, 23
1, memUtil , 1670705316663045, 32
1, memUtil , 1670705316830242, 22
1, memUtil , 1670705316997527, 24
1, gpuUtil , 1670705316161248, 99
1, gpuUtil , 1670705316328474, 85
1, gpuUtil , 1670705316495730, 85
1, gpuUtil , 1670705316663045, 99
1, gpuUtil , 1670705316830242, 85
1, gpuUtil , 1670705316997527, 85
1, encUtil , 1670705316161248, 0
1, encUtil , 1670705316328474, 0
1, encUtil , 1670705316495730, 0
1, encUtil , 1670705316663045, 0
1, encUtil , 1670705316830242, 0
1, encUtil , 1670705316997527, 0
1, decUtil , 1670705316161248, 0
1, decUtil , 1670705316328474, 0
1, decUtil , 1670705316495730, 0
1, decUtil , 1670705316663045, 0
1, decUtil , 1670705316830242, 0
1, decUtil , 1670705316997527, 0
1, violPwr , 1670705317023047, 2721009248
1, violThm , 1670705317023263, 0
1, pwrDraw , 1670705316821262, 167
1, pwrDraw , 1670705316841278, 172
1, pwrDraw , 1670705316861423, 171
1, pwrDraw , 1670705316881355, 170
1, pwrDraw , 1670705316901373, 170
1, pwrDraw , 1670705316921801, 171
1, pwrDraw , 1670705316941551, 175
1, pwrDraw , 1670705316961632, 138
1, pwrDraw , 1670705316981618, 91
1, pwrDraw , 1670705317001638, 82
1, pwrDraw , 1670705317021646, 89
1, pwrDraw , 1670705317041720, 121
1, pwrDraw , 1670705317061830, 151
1, pwrDraw , 1670705317081762, 170
1, pwrDraw , 1670705317101781, 172
1, pwrDraw , 1670705317122277, 170
1, pwrDraw , 1670705317141953, 169
1, pwrDraw , 1670705317162036, 170
1, pwrDraw , 1670705317182030, 173
1, pwrDraw , 1670705317202044, 176
1, pwrDraw , 1670705317222047, 114
1, pwrDraw , 1670705317242057, 87
1, pwrDraw , 1670705317262186, 81
1, pwrDraw , 1670705317282145, 124
1, pwrDraw , 1670705317302157, 118
1, pwrDraw , 1670705317322450, 163
1, pwrDraw , 1670705317342501, 172
1, pwrDraw , 1670705317362570, 171
1, pwrDraw , 1670705317382528, 170
1, pwrDraw , 1670705317402539, 170
1, pwrDraw , 1670705317422544, 171
1, pwrDraw , 1670705317442561, 174
1, pwrDraw , 1670705317462683, 165
1, pwrDraw , 1670705317482636, 97
1, pwrDraw , 1670705317502775, 83
1, pwrDraw , 1670705317522854, 81
1, pwrDraw , 1670705317542866, 123
1, pwrDraw , 1670705317562949, 143
1, pwrDraw , 1670705317582935, 169
1, pwrDraw , 1670705317602947, 172
1, pwrDraw , 1670705317622951, 170
1, pwrDraw , 1670705317642961, 170
1, pwrDraw , 1670705317663093, 170
1, pwrDraw , 1670705317683052, 172
1, pwrDraw , 1670705317703095, 175
1, pwrDraw , 1670705317734707, 122
1, pwrDraw , 1670705317750460, 89
1, pwrDraw , 1670705317767234, 81
1, pwrDraw , 1670705317787232, 122
1, pwrDraw , 1670705317807241, 117
1, pwrDraw , 1670705317827252, 160
1, pwrDraw , 1670705317847263, 168
1, pwrDraw , 1670705317867392, 167
1, pwrDraw , 1670705317887361, 166
1, pwrDraw , 1670705317907356, 166
1, pwrDraw , 1670705317927722, 167
1, pwrDraw , 1670705317947703, 170
1, pwrDraw , 1670705317967650, 160
1, pwrDraw , 1670705317987638, 96
1, pwrDraw , 1670705318007721, 82
1, pwrDraw , 1670705318027660, 80
1, temp    , 1670705318040768, 44
1, memUtil , 1670705317164843, 31
1, memUtil , 1670705317332069, 22
1, memUtil , 1670705317499393, 25
1, memUtil , 1670705317666641, 30
1, memUtil , 1670705317837797, 22
1, memUtil , 1670705318005152, 24
1, gpuUtil , 1670705317164843, 99
1, gpuUtil , 1670705317332069, 85
1, gpuUtil , 1670705317499393, 85
1, gpuUtil , 1670705317666641, 99
1, gpuUtil , 1670705317837797, 85
1, gpuUtil , 1670705318005152, 85
1, encUtil , 1670705317164843, 0
1, encUtil , 1670705317332069, 0
1, encUtil , 1670705317499393, 0
1, encUtil , 1670705317666641, 0
1, encUtil , 1670705317837797, 0
1, encUtil , 1670705318005152, 0
1, decUtil , 1670705317164843, 0
1, decUtil , 1670705317332069, 0
1, decUtil , 1670705317499393, 0
1, decUtil , 1670705317666641, 0
1, decUtil , 1670705317837797, 0
1, decUtil , 1670705318005152, 0
1, procClk , 1670705317743919, 1885
1, procClk , 1670705317748894, 1873
1, memClk  , 1670705317743919, 4513
1, memClk  , 1670705317748894, 4513
1, violPwr , 1670705318045676, 2721009248
1, violThm , 1670705318045954, 0
1, pwrDraw , 1670705318047816, 121
1, pwrDraw , 1670705318067843, 140
1, pwrDraw , 1670705318087777, 165
1, pwrDraw , 1670705318107793, 169
1, pwrDraw , 1670705318127986, 167
1, pwrDraw , 1670705318148127, 166
1, pwrDraw , 1670705318168161, 166
1, pwrDraw , 1670705318188067, 168
1, pwrDraw , 1670705318208085, 171
1, pwrDraw , 1670705318228096, 127
1, pwrDraw , 1670705318248103, 89
1, pwrDraw , 1670705318268236, 81
1, pwrDraw , 1670705318288189, 102
1, pwrDraw , 1670705318308200, 117
1, pwrDraw , 1670705318328393, 151
1, pwrDraw , 1670705318348427, 167
1, pwrDraw , 1670705318368595, 168
1, pwrDraw , 1670705318388573, 166
1, pwrDraw , 1670705318408582, 166
1, pwrDraw , 1670705318428593, 166
1, pwrDraw , 1670705318448604, 169
1, pwrDraw , 1670705318468731, 172
1, pwrDraw , 1670705318488715, 109
1, pwrDraw , 1670705318508841, 85
1, pwrDraw , 1670705318528927, 80
1, pwrDraw , 1670705318548869, 122
1, pwrDraw , 1670705318569100, 116
1, pwrDraw , 1670705318589069, 159
1, pwrDraw , 1670705318609096, 168
1, pwrDraw , 1670705318629090, 168
1, pwrDraw , 1670705318649102, 166
1, pwrDraw , 1670705318669230, 166
1, pwrDraw , 1670705318689186, 167
1, pwrDraw , 1670705318709264, 170
1, pwrDraw , 1670705318729424, 167
1, pwrDraw , 1670705318749365, 97
1, pwrDraw , 1670705318769573, 83
1, pwrDraw , 1670705318789566, 80
1, pwrDraw , 1670705318809572, 122
1, pwrDraw , 1670705318829583, 133
1, pwrDraw , 1670705318849598, 165
1, pwrDraw , 1670705318869715, 169
1, pwrDraw , 1670705318889711, 167
1, pwrDraw , 1670705318909721, 166
1, pwrDraw , 1670705318929933, 166
1, pwrDraw , 1670705318949897, 168
1, pwrDraw , 1670705318970231, 171
1, pwrDraw , 1670705318990121, 133
1, pwrDraw , 1670705319010223, 90
1, pwrDraw , 1670705319030131, 81
1, pwrDraw , 1670705319050121, 92
1, temp    , 1670705319059111, 45
1, memUtil , 1670705318172459, 30
1, memUtil , 1670705318339654, 22
1, memUtil , 1670705318507020, 26
1, memUtil , 1670705318674347, 29
1, memUtil , 1670705318841692, 22
1, memUtil , 1670705319009176, 27
1, gpuUtil , 1670705318172459, 99
1, gpuUtil , 1670705318339654, 85
1, gpuUtil , 1670705318507020, 85
1, gpuUtil , 1670705318674347, 99
1, gpuUtil , 1670705318841692, 85
1, gpuUtil , 1670705319009176, 85
1, encUtil , 1670705318172459, 0
1, encUtil , 1670705318339654, 0
1, encUtil , 1670705318507020, 0
1, encUtil , 1670705318674347, 0
1, encUtil , 1670705318841692, 0
1, encUtil , 1670705319009176, 0
1, decUtil , 1670705318172459, 0
1, decUtil , 1670705318339654, 0
1, decUtil , 1670705318507020, 0
1, decUtil , 1670705318674347, 0
1, decUtil , 1670705318841692, 0
1, decUtil , 1670705319009176, 0
1, violPwr , 1670705319064019, 2721009248
1, violThm , 1670705319064244, 0
1, pwrDraw , 1670705319230577, 172
1, pwrDraw , 1670705319250588, 113
1, pwrDraw , 1670705319270716, 86
1, pwrDraw , 1670705319290722, 81
1, pwrDraw , 1670705319310716, 123
1, pwrDraw , 1670705319330916, 117
1, pwrDraw , 1670705319350943, 159
1, pwrDraw , 1670705319371014, 168
1, pwrDraw , 1670705319391044, 168
1, pwrDraw , 1670705319411008, 166
1, pwrDraw , 1670705319431018, 166
1, pwrDraw , 1670705319451025, 167
1, pwrDraw , 1670705319471167, 170
1, pwrDraw , 1670705319491128, 172
1, pwrDraw , 1670705319511241, 100
1, pwrDraw , 1670705319531324, 83
1, pwrDraw , 1670705319551259, 80
1, pwrDraw , 1670705319571391, 122
1, pwrDraw , 1670705319591427, 124
1, pwrDraw , 1670705319611380, 164
1, pwrDraw , 1670705319631391, 169
1, pwrDraw , 1670705319651407, 167
1, pwrDraw , 1670705319671532, 166
1, pwrDraw , 1670705319691516, 167
1, pwrDraw , 1670705319711524, 168
1, pwrDraw , 1670705319731723, 171
1, pwrDraw , 1670705319751610, 142
1, pwrDraw , 1670705319771736, 92
1, pwrDraw , 1670705319791768, 82
1, pwrDraw , 1670705319811732, 80
1, pwrDraw , 1670705319831738, 120
1, pwrDraw , 1670705319851749, 146
1, pwrDraw , 1670705319871879, 167
1, pwrDraw , 1670705319891882, 169
1, pwrDraw , 1670705319911877, 167
1, pwrDraw , 1670705319932078, 166
1, pwrDraw , 1670705319952012, 167
1, pwrDraw , 1670705319972241, 169
1, pwrDraw , 1670705319992406, 172
1, pwrDraw , 1670705320012257, 118
1, pwrDraw , 1670705320032239, 87
1, pwrDraw , 1670705320052252, 81
1, pwrDraw , 1670705320072371, 119
1, pwrDraw , 1670705319070362, 118
1, pwrDraw , 1670705319090322, 149
1, pwrDraw , 1670705319110338, 167
1, pwrDraw , 1670705319130539, 168
1, pwrDraw , 1670705319150478, 166
1, pwrDraw , 1670705319170784, 166
1, pwrDraw , 1670705319190605, 167
1, temp    , 1670705320083081, 45
1, memUtil , 1670705319176504, 27
1, memUtil , 1670705319343730, 22
1, memUtil , 1670705319510975, 28
1, memUtil , 1670705319678242, 26
1, memUtil , 1670705319845408, 21
1, memUtil , 1670705320012813, 30
1, gpuUtil , 1670705319176504, 99
1, gpuUtil , 1670705319343730, 85
1, gpuUtil , 1670705319510975, 86
1, gpuUtil , 1670705319678242, 98
1, gpuUtil , 1670705319845408, 85
1, gpuUtil , 1670705320012813, 90
1, encUtil , 1670705319176504, 0
1, encUtil , 1670705319343730, 0
1, encUtil , 1670705319510975, 0
1, encUtil , 1670705319678242, 0
1, encUtil , 1670705319845408, 0
1, encUtil , 1670705320012813, 0
1, decUtil , 1670705319176504, 0
1, decUtil , 1670705319343730, 0
1, decUtil , 1670705319510975, 0
1, decUtil , 1670705319678242, 0
1, decUtil , 1670705319845408, 0
1, decUtil , 1670705320012813, 0
1, violPwr , 1670705320088020, 2721009248
1, violThm , 1670705320088271, 0
1, pwrDraw , 1670705319230577, 172
1, pwrDraw , 1670705319250588, 113
1, pwrDraw , 1670705319270716, 86
1, pwrDraw , 1670705319290722, 81
1, pwrDraw , 1670705319310716, 123
1, pwrDraw , 1670705319330916, 117
1, pwrDraw , 1670705319350943, 159
1, pwrDraw , 1670705319371014, 168
1, pwrDraw , 1670705319391044, 168
1, pwrDraw , 1670705319411008, 166
1, pwrDraw , 1670705319431018, 166
1, pwrDraw , 1670705319451025, 167
1, pwrDraw , 1670705319471167, 170
1, pwrDraw , 1670705319491128, 172
1, pwrDraw , 1670705319511241, 100
1, pwrDraw , 1670705319531324, 83
1, pwrDraw , 1670705319551259, 80
1, pwrDraw , 1670705319571391, 122
1, pwrDraw , 1670705319591427, 124
1, pwrDraw , 1670705319611380, 164
1, pwrDraw , 1670705319631391, 169
1, pwrDraw , 1670705319651407, 167
1, pwrDraw , 1670705319671532, 166
1, pwrDraw , 1670705319691516, 167
1, pwrDraw , 1670705319711524, 168
1, pwrDraw , 1670705319731723, 171
1, pwrDraw , 1670705319751610, 142
1, pwrDraw , 1670705319771736, 92
1, pwrDraw , 1670705319791768, 82
1, pwrDraw , 1670705319811732, 80
1, pwrDraw , 1670705319831738, 120
1, pwrDraw , 1670705319851749, 146
1, pwrDraw , 1670705319871879, 167
1, pwrDraw , 1670705319891882, 169
1, pwrDraw , 1670705319911877, 167
1, pwrDraw , 1670705319932078, 166
1, pwrDraw , 1670705319952012, 167
1, pwrDraw , 1670705319972241, 169
1, pwrDraw , 1670705319992406, 172
1, pwrDraw , 1670705320012257, 118
1, pwrDraw , 1670705320032239, 87
1, pwrDraw , 1670705320052252, 81
1, pwrDraw , 1670705320072371, 119
1, pwrDraw , 1670705320092408, 117
1, pwrDraw , 1670705320112373, 156
1, pwrDraw , 1670705320132575, 168
1, pwrDraw , 1670705320152484, 168
1, pwrDraw , 1670705320172612, 167
1, pwrDraw , 1670705320192564, 166
1, pwrDraw , 1670705320212617, 167
1, pwrDraw , 1670705320232587, 170
1, pwrDraw , 1670705320252593, 173
1, pwrDraw , 1670705320272725, 103
1, pwrDraw , 1670705320292710, 84
1, pwrDraw , 1670705320312736, 80
1, pwrDraw , 1670705320332921, 122
1, pwrDraw , 1670705320352948, 119
1, pwrDraw , 1670705320373019, 163
1, pwrDraw , 1670705320392973, 169
1, pwrDraw , 1670705320413060, 168
1, pwrDraw , 1670705320433024, 166
1, pwrDraw , 1670705320453035, 166
1, pwrDraw , 1670705320473161, 168
1, pwrDraw , 1670705320493116, 171
1, pwrDraw , 1670705320513122, 151
1, pwrDraw , 1670705320533368, 93
1, pwrDraw , 1670705320553264, 83
1, pwrDraw , 1670705320573397, 80
1, pwrDraw , 1670705320593350, 121
1, pwrDraw , 1670705320613442, 143
1, pwrDraw , 1670705320633418, 166
1, pwrDraw , 1670705320653407, 169
1, pwrDraw , 1670705320673528, 167
1, pwrDraw , 1670705320693521, 166
1, pwrDraw , 1670705320713529, 167
1, pwrDraw , 1670705320733747, 169
1, pwrDraw , 1670705320753809, 172
1, pwrDraw , 1670705320773804, 125
1, pwrDraw , 1670705320793756, 89
1, pwrDraw , 1670705320813899, 81
1, pwrDraw , 1670705320833849, 109
1, pwrDraw , 1670705320853818, 118
1, pwrDraw , 1670705320873945, 153
1, pwrDraw , 1670705320893930, 168
1, pwrDraw , 1670705320913957, 168
1, pwrDraw , 1670705320934143, 167
1, pwrDraw , 1670705320954082, 166
1, pwrDraw , 1670705320974211, 167
1, pwrDraw , 1670705320994325, 170
1, pwrDraw , 1670705321014378, 173
1, pwrDraw , 1670705321034256, 108
1, pwrDraw , 1670705321054225, 85
1, pwrDraw , 1670705321074352, 81
1, pwrDraw , 1670705321094337, 122
1, temp    , 1670705321107085, 46
1, memUtil , 1670705320180069, 25
1, memUtil , 1670705320347295, 20
1, memUtil , 1670705320514491, 33
1, memUtil , 1670705320681807, 23
1, memUtil , 1670705320849032, 21
1, memUtil , 1670705321016361, 34
1, gpuUtil , 1670705320180069, 94
1, gpuUtil , 1670705320347295, 85
1, gpuUtil , 1670705320514491, 95
1, gpuUtil , 1670705320681807, 90
1, gpuUtil , 1670705320849032, 85
1, gpuUtil , 1670705321016361, 99
1, encUtil , 1670705320180069, 0
1, encUtil , 1670705320347295, 0
1, encUtil , 1670705320514491, 0
1, encUtil , 1670705320681807, 0
1, encUtil , 1670705320849032, 0
1, encUtil , 1670705321016361, 0
1, decUtil , 1670705320180069, 0
1, decUtil , 1670705320347295, 0
1, decUtil , 1670705320514491, 0
1, decUtil , 1670705320681807, 0
1, decUtil , 1670705320849032, 0
1, decUtil , 1670705321016361, 0
1, violPwr , 1670705321112008, 2721009248
1, violThm , 1670705321112278, 0
1, pwrDraw , 1670705321635544, 150
1, pwrDraw , 1670705321655507, 168
1, pwrDraw , 1670705321675634, 169
1, pwrDraw , 1670705321695621, 167
1, pwrDraw , 1670705321715629, 167
1, pwrDraw , 1670705321735837, 167
1, pwrDraw , 1670705321755770, 170
1, pwrDraw , 1670705321776057, 173
1, pwrDraw , 1670705321795900, 112
1, pwrDraw , 1670705321815894, 86
1, pwrDraw , 1670705321836070, 81
1, pwrDraw , 1670705321855959, 124
1, pwrDraw , 1670705321876040, 117
1, pwrDraw , 1670705321896025, 159
1, pwrDraw , 1670705321916036, 169
1, pwrDraw , 1670705321936238, 169
1, pwrDraw , 1670705321956173, 167
1, pwrDraw , 1670705321976306, 167
1, pwrDraw , 1670705321996275, 168
1, pwrDraw , 1670705322016269, 171
1, pwrDraw , 1670705322036542, 173
1, pwrDraw , 1670705322056355, 100
1, pwrDraw , 1670705322076442, 84
1, pwrDraw , 1670705322096433, 80
1, pwrDraw , 1670705322116444, 122
1, pwrDraw , 1670705321114581, 117
1, pwrDraw , 1670705321134580, 161
1, pwrDraw , 1670705321154489, 169
1, pwrDraw , 1670705321174619, 168
1, pwrDraw , 1670705321194569, 167
1, pwrDraw , 1670705321214577, 166
1, pwrDraw , 1670705321234656, 168
1, pwrDraw , 1670705321254633, 171
1, pwrDraw , 1670705321274753, 164
1, pwrDraw , 1670705321294737, 97
1, pwrDraw , 1670705321314772, 83
1, pwrDraw , 1670705321334957, 80
1, pwrDraw , 1670705321355011, 122
1, pwrDraw , 1670705321375081, 136
1, pwrDraw , 1670705321395037, 165
1, pwrDraw , 1670705321415048, 169
1, pwrDraw , 1670705321435137, 168
1, pwrDraw , 1670705321455092, 167
1, pwrDraw , 1670705321475227, 167
1, pwrDraw , 1670705321495200, 169
1, pwrDraw , 1670705321515222, 172
1, pwrDraw , 1670705321535463, 132
1, pwrDraw , 1670705321555359, 90
1, pwrDraw , 1670705321575492, 82
1, pwrDraw , 1670705321595441, 92
1, temp    , 1670705322132006, 47
1, memUtil , 1670705321183635, 22
1, memUtil , 1670705321350950, 21
1, memUtil , 1670705321518146, 33
1, memUtil , 1670705321685462, 22
1, memUtil , 1670705321852727, 22
1, memUtil , 1670705322020004, 32
1, gpuUtil , 1670705321183635, 85
1, gpuUtil , 1670705321350950, 85
1, gpuUtil , 1670705321518146, 99
1, gpuUtil , 1670705321685462, 85
1, gpuUtil , 1670705321852727, 85
1, gpuUtil , 1670705322020004, 99
1, encUtil , 1670705321183635, 0
1, encUtil , 1670705321350950, 0
1, encUtil , 1670705321518146, 0
1, encUtil , 1670705321685462, 0
1, encUtil , 1670705321852727, 0
1, encUtil , 1670705322020004, 0
1, decUtil , 1670705321183635, 0
1, decUtil , 1670705321350950, 0
1, decUtil , 1670705321518146, 0
1, decUtil , 1670705321685462, 0
1, decUtil , 1670705321852727, 0
1, decUtil , 1670705322020004, 0
1, violPwr , 1670705322136916, 2721009248
1, violThm , 1670705322137145, 0
1, pwrDraw , 1670705321635544, 150
1, pwrDraw , 1670705321655507, 168
1, pwrDraw , 1670705321675634, 169
1, pwrDraw , 1670705321695621, 167
1, pwrDraw , 1670705321715629, 167
1, pwrDraw , 1670705321735837, 167
1, pwrDraw , 1670705321755770, 170
1, pwrDraw , 1670705321776057, 173
1, pwrDraw , 1670705321795900, 112
1, pwrDraw , 1670705321815894, 86
1, pwrDraw , 1670705321836070, 81
1, pwrDraw , 1670705321855959, 124
1, pwrDraw , 1670705321876040, 117
1, pwrDraw , 1670705321896025, 159
1, pwrDraw , 1670705321916036, 169
1, pwrDraw , 1670705321936238, 169
1, pwrDraw , 1670705321956173, 167
1, pwrDraw , 1670705321976306, 167
1, pwrDraw , 1670705321996275, 168
1, pwrDraw , 1670705322016269, 171
1, pwrDraw , 1670705322036542, 173
1, pwrDraw , 1670705322056355, 100
1, pwrDraw , 1670705322076442, 84
1, pwrDraw , 1670705322096433, 80
1, pwrDraw , 1670705322116444, 122
1, pwrDraw , 1670705322136646, 128
1, pwrDraw , 1670705322156609, 164
1, pwrDraw , 1670705322176714, 169
1, pwrDraw , 1670705322196669, 168
1, pwrDraw , 1670705322216672, 167
1, pwrDraw , 1670705322236683, 167
1, pwrDraw , 1670705322256761, 169
1, pwrDraw , 1670705322276845, 172
1, pwrDraw , 1670705322296839, 139
1, pwrDraw , 1670705322316844, 92
1, pwrDraw , 1670705322337058, 82
1, pwrDraw , 1670705322357096, 86
1, pwrDraw , 1670705322377210, 120
1, pwrDraw , 1670705322397163, 148
1, pwrDraw , 1670705322417169, 167
1, pwrDraw , 1670705322437184, 169
1, pwrDraw , 1670705322457272, 167
1, pwrDraw , 1670705322477352, 167
1, pwrDraw , 1670705322497336, 167
1, pwrDraw , 1670705322517343, 170
1, pwrDraw , 1670705322537566, 173
1, pwrDraw , 1670705322557484, 116
1, pwrDraw , 1670705322577617, 87
1, pwrDraw , 1670705322597571, 81
1, pwrDraw , 1670705322617576, 121
1, pwrDraw , 1670705322637591, 118
1, pwrDraw , 1670705322657766, 157
1, pwrDraw , 1670705322677805, 169
1, pwrDraw , 1670705322697742, 169
1, pwrDraw , 1670705322717754, 167
1, pwrDraw , 1670705322737957, 167
1, pwrDraw , 1670705322757895, 168
1, pwrDraw , 1670705322778024, 170
1, pwrDraw , 1670705322797977, 173
1, pwrDraw , 1670705322818035, 102
1, pwrDraw , 1670705322838015, 84
1, pwrDraw , 1670705322858166, 81
1, pwrDraw , 1670705322878215, 122
1, pwrDraw , 1670705322898146, 120
1, pwrDraw , 1670705322918161, 163
1, pwrDraw , 1670705322938363, 170
1, pwrDraw , 1670705322958268, 168
1, pwrDraw , 1670705322978402, 167
1, pwrDraw , 1670705322998350, 167
1, pwrDraw , 1670705323018366, 169
1, pwrDraw , 1670705323038379, 172
1, pwrDraw , 1670705323058444, 149
1, pwrDraw , 1670705323078641, 94
1, pwrDraw , 1670705323098614, 83
1, pwrDraw , 1670705323118645, 80
1, pwrDraw , 1670705323138842, 121
1, temp    , 1670705323156181, 47
1, memUtil , 1670705322187290, 22
1, memUtil , 1670705322354676, 21
1, memUtil , 1670705322521832, 34
1, memUtil , 1670705322689148, 22
1, memUtil , 1670705322856393, 21
1, memUtil , 1670705323023629, 33
1, gpuUtil , 1670705322187290, 85
1, gpuUtil , 1670705322354676, 85
1, gpuUtil , 1670705322521832, 99
1, gpuUtil , 1670705322689148, 85
1, gpuUtil , 1670705322856393, 85
1, gpuUtil , 1670705323023629, 99
1, encUtil , 1670705322187290, 0
1, encUtil , 1670705322354676, 0
1, encUtil , 1670705322521832, 0
1, encUtil , 1670705322689148, 0
1, encUtil , 1670705322856393, 0
1, encUtil , 1670705323023629, 0
1, decUtil , 1670705322187290, 0
1, decUtil , 1670705322354676, 0
1, decUtil , 1670705322521832, 0
1, decUtil , 1670705322689148, 0
1, decUtil , 1670705322856393, 0
1, decUtil , 1670705323023629, 0
1, violPwr , 1670705323161148, 2721009248
1, violThm , 1670705323161424, 0
1, pwrDraw , 1670705324040890, 78
1, pwrDraw , 1670705324060897, 78
1, pwrDraw , 1670705324081136, 78
1, pwrDraw , 1670705324101144, 78
1, pwrDraw , 1670705324121113, 78
1, pwrDraw , 1670705324141328, 78
1, pwrDraw , 1670705324161255, 78
1, pwrDraw , 1670705323158770, 145
1, pwrDraw , 1670705323178964, 167
1, pwrDraw , 1670705323198943, 170
1, pwrDraw , 1670705323218947, 168
1, pwrDraw , 1670705323238962, 167
1, pwrDraw , 1670705323258973, 168
1, pwrDraw , 1670705323279188, 169
1, pwrDraw , 1670705323299170, 173
1, pwrDraw , 1670705323319252, 123
1, pwrDraw , 1670705323339379, 88
1, pwrDraw , 1670705323359547, 82
1, pwrDraw , 1670705323379546, 116
1, pwrDraw , 1670705323399494, 119
1, pwrDraw , 1670705323419509, 155
1, pwrDraw , 1670705323439515, 169
1, pwrDraw , 1670705323459526, 169
1, pwrDraw , 1670705323479766, 167
1, pwrDraw , 1670705323499731, 167
1, pwrDraw , 1670705323519725, 168
1, pwrDraw , 1670705323539967, 171
1, pwrDraw , 1670705323559914, 173
1, pwrDraw , 1670705323580043, 105
1, pwrDraw , 1670705323599970, 85
1, pwrDraw , 1670705323620007, 81
1, pwrDraw , 1670705323640017, 123
1, pwrDraw , 1670705323660028, 117
1, pwrDraw , 1670705323680402, 162
1, pwrDraw , 1670705323700282, 170
1, pwrDraw , 1670705323720239, 169
1, pwrDraw , 1670705323740434, 167
1, pwrDraw , 1670705323760381, 167
1, pwrDraw , 1670705323780510, 169
1, pwrDraw , 1670705323800436, 172
1, pwrDraw , 1670705323820450, 158
1, pwrDraw , 1670705323840531, 95
1, pwrDraw , 1670705323860603, 83
1, pwrDraw , 1670705323880771, 81
1, pwrDraw , 1670705323900683, 123
1, pwrDraw , 1670705323920647, 141
1, pwrDraw , 1670705323940841, 97
1, pwrDraw , 1670705323960789, 84
1, pwrDraw , 1670705323980917, 79
1, pwrDraw , 1670705324000869, 79
1, temp    , 1670705324179968, 45
1, memUtil , 1670705323191125, 22
1, memUtil , 1670705323358580, 22
1, memUtil , 1670705323525787, 32
1, memUtil , 1670705323693193, 22
1, memUtil , 1670705323860437, 24
1, memUtil , 1670705324027705, 9
1, gpuUtil , 1670705323191125, 85
1, gpuUtil , 1670705323358580, 85
1, gpuUtil , 1670705323525787, 99
1, gpuUtil , 1670705323693193, 85
1, gpuUtil , 1670705323860437, 84
1, gpuUtil , 1670705324027705, 56
1, encUtil , 1670705323191125, 0
1, encUtil , 1670705323358580, 0
1, encUtil , 1670705323525787, 0
1, encUtil , 1670705323693193, 0
1, encUtil , 1670705323860437, 0
1, encUtil , 1670705324027705, 0
1, decUtil , 1670705323191125, 0
1, decUtil , 1670705323358580, 0
1, decUtil , 1670705323525787, 0
1, decUtil , 1670705323693193, 0
1, decUtil , 1670705323860437, 0
1, decUtil , 1670705324027705, 0
1, violPwr , 1670705324184893, 2721009248
1, violThm , 1670705324185114, 0
1, pwrDraw , 1670705324040890, 78
1, pwrDraw , 1670705324060897, 78
1, pwrDraw , 1670705324081136, 78
1, pwrDraw , 1670705324101144, 78
1, pwrDraw , 1670705324121113, 78
1, pwrDraw , 1670705324141328, 78
1, pwrDraw , 1670705324161255, 78
1, pwrDraw , 1670705324181378, 78
1, pwrDraw , 1670705324201402, 78
1, pwrDraw , 1670705324221378, 78
1, pwrDraw , 1670705324241387, 78
1, pwrDraw , 1670705324261399, 78
1, pwrDraw , 1670705324281525, 78
1, pwrDraw , 1670705324301534, 78
1, pwrDraw , 1670705324321520, 78
1, pwrDraw , 1670705324341715, 78
1, pwrDraw , 1670705324361772, 78
1, pwrDraw , 1670705324381920, 78
1, pwrDraw , 1670705324401833, 78
1, pwrDraw , 1670705324421844, 78
1, pwrDraw , 1670705324441855, 78
1, pwrDraw , 1670705324461865, 78
1, pwrDraw , 1670705324481992, 78
1, pwrDraw , 1670705324502023, 78
1, pwrDraw , 1670705324521989, 78
1, pwrDraw , 1670705324542211, 78
1, pwrDraw , 1670705324562159, 77
1, pwrDraw , 1670705324582286, 78
1, pwrDraw , 1670705324602241, 78
1, pwrDraw , 1670705324622251, 78
1, pwrDraw , 1670705324642258, 77
1, pwrDraw , 1670705324662291, 78
1, pwrDraw , 1670705324682399, 77
1, pwrDraw , 1670705324702431, 78
1, pwrDraw , 1670705324722419, 77
1, pwrDraw , 1670705324742605, 78
1, pwrDraw , 1670705324762529, 77
1, pwrDraw , 1670705324782663, 78
1, pwrDraw , 1670705324802618, 77
1, pwrDraw , 1670705324822628, 77
1, pwrDraw , 1670705324842639, 77
1, pwrDraw , 1670705324862696, 77
1, pwrDraw , 1670705324882818, 77
1, pwrDraw , 1670705324902727, 77
1, pwrDraw , 1670705324922796, 78
1, pwrDraw , 1670705324942966, 82
1, pwrDraw , 1670705324962909, 83
1, pwrDraw , 1670705324983221, 81
1, pwrDraw , 1670705325003129, 81
1, pwrDraw , 1670705325023139, 80
1, pwrDraw , 1670705325043152, 80
1, pwrDraw , 1670705325063161, 80
1, pwrDraw , 1670705325083283, 80
1, pwrDraw , 1670705325103292, 80
1, pwrDraw , 1670705325123276, 80
1, pwrDraw , 1670705325143446, 80
1, pwrDraw , 1670705325163394, 80
1, pwrDraw , 1670705325183521, 80
1, temp    , 1670705325203467, 44
1, memUtil , 1670705324696877, 0
1, memUtil , 1670705324864164, 0
1, memUtil , 1670705325031510, 2
1, memUtil , 1670705325198765, 0
1, memUtil , 1670705324195110, 0
1, memUtil , 1670705324362536, 0
1, gpuUtil , 1670705324696877, 0
1, gpuUtil , 1670705324864164, 0
1, gpuUtil , 1670705325031510, 27
1, gpuUtil , 1670705325198765, 0
1, gpuUtil , 1670705324195110, 0
1, gpuUtil , 1670705324362536, 0
1, encUtil , 1670705324696877, 0
1, encUtil , 1670705324864164, 0
1, encUtil , 1670705325031510, 0
1, encUtil , 1670705325198765, 0
1, encUtil , 1670705324195110, 0
1, encUtil , 1670705324362536, 0
1, decUtil , 1670705324696877, 0
1, decUtil , 1670705324864164, 0
1, decUtil , 1670705325031510, 0
1, decUtil , 1670705325198765, 0
1, decUtil , 1670705324195110, 0
1, decUtil , 1670705324362536, 0
1, procClk , 1670705324973460, 1873
1, procClk , 1670705324974429, 1873
1, procClk , 1670705324975113, 1873
1, memClk  , 1670705324973460, 4513
1, memClk  , 1670705324974429, 5005
1, memClk  , 1670705324975113, 5005
1, violPwr , 1670705325208404, 2721009248
1, violThm , 1670705325208620, 0
1, pwrDraw , 1670705325203479, 80
1, pwrDraw , 1670705325223538, 80
1, pwrDraw , 1670705325243528, 80
1, pwrDraw , 1670705325263540, 80
1, pwrDraw , 1670705325283664, 80
1, pwrDraw , 1670705325303619, 80
1, pwrDraw , 1670705325323682, 80
1, pwrDraw , 1670705325343853, 80
1, pwrDraw , 1670705325363906, 80
1, pwrDraw , 1670705325384064, 80
1, pwrDraw , 1670705325403974, 80
1, pwrDraw , 1670705325423984, 80
1, pwrDraw , 1670705325443994, 80
1, pwrDraw , 1670705325464005, 80
1, pwrDraw , 1670705325484132, 80
1, pwrDraw , 1670705325504087, 80
1, pwrDraw , 1670705325524327, 80
1, pwrDraw , 1670705325544320, 80
1, pwrDraw , 1670705325564268, 80
1, pwrDraw , 1670705325584395, 80
1, pwrDraw , 1670705325604351, 80
1, pwrDraw , 1670705325624360, 80
1, pwrDraw , 1670705325644371, 80
1, pwrDraw , 1670705325664383, 80
1, pwrDraw , 1670705325684509, 80
1, pwrDraw , 1670705325704467, 80
1, pwrDraw , 1670705325724671, 80
1, pwrDraw , 1670705325744688, 80
1, pwrDraw , 1670705325764556, 80
1, pwrDraw , 1670705325784680, 80
1, pwrDraw , 1670705325804637, 80
1, pwrDraw , 1670705325824648, 80
1, pwrDraw , 1670705325844658, 80
1, pwrDraw , 1670705325864669, 80
1, pwrDraw , 1670705325884865, 80
1, pwrDraw , 1670705325904841, 80
1, pwrDraw , 1670705325924851, 80
1, pwrDraw , 1670705325945075, 80
1, pwrDraw , 1670705325964964, 80
1, pwrDraw , 1670705325985089, 80
1, pwrDraw , 1670705326005045, 80
1, pwrDraw , 1670705326025055, 80
1, pwrDraw , 1670705326045064, 80
1, pwrDraw , 1670705326065076, 80
1, pwrDraw , 1670705326085203, 80
1, pwrDraw , 1670705326105157, 80
1, pwrDraw , 1670705326125191, 80
1, pwrDraw , 1670705326145362, 80
1, pwrDraw , 1670705326165250, 80
1, pwrDraw , 1670705326185376, 80
1, pwrDraw , 1670705326205435, 80
1, pwrDraw , 1670705326225342, 80
1, temp    , 1670705326227247, 43
1, memUtil , 1670705324696877, 0
1, memUtil , 1670705324864164, 0
1, memUtil , 1670705325031510, 2
1, memUtil , 1670705325198765, 0
1, memUtil , 1670705325366110, 0
1, memUtil , 1670705325533337, 0
1, memUtil , 1670705325700532, 0
1, memUtil , 1670705325867669, 0
1, memUtil , 1670705326034985, 0
1, memUtil , 1670705326202252, 0
1, gpuUtil , 1670705324696877, 0
1, gpuUtil , 1670705324864164, 0
1, gpuUtil , 1670705325031510, 27
1, gpuUtil , 1670705325198765, 0
1, gpuUtil , 1670705325366110, 0
1, gpuUtil , 1670705325533337, 0
1, gpuUtil , 1670705325700532, 0
1, gpuUtil , 1670705325867669, 0
1, gpuUtil , 1670705326034985, 0
1, gpuUtil , 1670705326202252, 0
1, encUtil , 1670705324696877, 0
1, encUtil , 1670705324864164, 0
1, encUtil , 1670705325031510, 0
1, encUtil , 1670705325198765, 0
1, encUtil , 1670705325366110, 0
1, encUtil , 1670705325533337, 0
1, encUtil , 1670705325700532, 0
1, encUtil , 1670705325867669, 0
1, encUtil , 1670705326034985, 0
1, encUtil , 1670705326202252, 0
1, decUtil , 1670705324696877, 0
1, decUtil , 1670705324864164, 0
1, decUtil , 1670705325031510, 0
1, decUtil , 1670705325198765, 0
1, decUtil , 1670705325366110, 0
1, decUtil , 1670705325533337, 0
1, decUtil , 1670705325700532, 0
1, decUtil , 1670705325867669, 0
1, decUtil , 1670705326034985, 0
1, decUtil , 1670705326202252, 0
1, violPwr , 1670705326232980, 2721009248
1, violThm , 1670705326233200, 0
1, pwrDraw , 1670705326445793, 80
1, pwrDraw , 1670705326465802, 80
1, pwrDraw , 1670705326485929, 80
1, pwrDraw , 1670705326505884, 80
1, pwrDraw , 1670705326525886, 80
1, pwrDraw , 1670705326546275, 80
1, pwrDraw , 1670705326566120, 80
1, pwrDraw , 1670705326586217, 80
1, pwrDraw , 1670705326606200, 80
1, pwrDraw , 1670705326626219, 80
1, pwrDraw , 1670705326646230, 80
1, pwrDraw , 1670705326666240, 80
1, pwrDraw , 1670705326686364, 80
1, pwrDraw , 1670705326711831, 80
1, pwrDraw , 1670705326728803, 63
1, pwrDraw , 1670705326749094, 59
1, pwrDraw , 1670705326768983, 58
1, pwrDraw , 1670705326788886, 58
1, pwrDraw , 1670705326808917, 58
1, pwrDraw , 1670705326828913, 58
1, pwrDraw , 1670705326848935, 58
1, pwrDraw , 1670705326869013, 58
1, pwrDraw , 1670705326888997, 58
1, pwrDraw , 1670705326909008, 58
1, pwrDraw , 1670705326928994, 58
1, pwrDraw , 1670705326949188, 58
1, pwrDraw , 1670705326969348, 58
1, pwrDraw , 1670705326989281, 58
1, pwrDraw , 1670705327009308, 58
1, pwrDraw , 1670705327029318, 58
1, pwrDraw , 1670705327049329, 58
1, pwrDraw , 1670705327069451, 58
1, pwrDraw , 1670705327089425, 58
1, pwrDraw , 1670705327109435, 58
1, pwrDraw , 1670705327129446, 58
1, pwrDraw , 1670705327149654, 58
1, pwrDraw , 1670705327169755, 58
1, pwrDraw , 1670705327189673, 58
1, pwrDraw , 1670705327209816, 58
1, pwrDraw , 1670705327229695, 58
1, pwrDraw , 1670705327249705, 58
1, pwrDraw , 1670705326245420, 80
1, pwrDraw , 1670705326265396, 80
1, pwrDraw , 1670705326285523, 80
1, pwrDraw , 1670705326305477, 80
1, pwrDraw , 1670705326325488, 80
1, pwrDraw , 1670705326345732, 80
1, pwrDraw , 1670705326365707, 80
1, pwrDraw , 1670705326385862, 80
1, pwrDraw , 1670705326405772, 80
1, temp    , 1670705327256623, 41
1, memUtil , 1670705326369468, 0
1, memUtil , 1670705326536664, 0
1, memUtil , 1670705326704075, 0
1, memUtil , 1670705326873607, 0
1, memUtil , 1670705327040893, 0
1, memUtil , 1670705327208227, 0
1, gpuUtil , 1670705326369468, 0
1, gpuUtil , 1670705326536664, 0
1, gpuUtil , 1670705326704075, 0
1, gpuUtil , 1670705326873607, 0
1, gpuUtil , 1670705327040893, 0
1, gpuUtil , 1670705327208227, 0
1, encUtil , 1670705326369468, 0
1, encUtil , 1670705326536664, 0
1, encUtil , 1670705326704075, 0
1, encUtil , 1670705326873607, 0
1, encUtil , 1670705327040893, 0
1, encUtil , 1670705327208227, 0
1, decUtil , 1670705326369468, 0
1, decUtil , 1670705326536664, 0
1, decUtil , 1670705326704075, 0
1, decUtil , 1670705326873607, 0
1, decUtil , 1670705327040893, 0
1, decUtil , 1670705327208227, 0
1, procClk , 1670705326706159, 1873
1, procClk , 1670705326711018, 1430
1, procClk , 1670705326753046, 1430
1, procClk , 1670705326753753, 1430
1, memClk  , 1670705326706159, 5005
1, memClk  , 1670705326711018, 5005
1, memClk  , 1670705326753046, 5005
1, memClk  , 1670705326753753, 5005
1, violPwr , 1670705327262719, 2721009248
1, violThm , 1670705327262938, 0
1, pwrDraw , 1670705326445793, 80
1, pwrDraw , 1670705326465802, 80
1, pwrDraw , 1670705326485929, 80
1, pwrDraw , 1670705326505884, 80
1, pwrDraw , 1670705326525886, 80
1, pwrDraw , 1670705326546275, 80
1, pwrDraw , 1670705326566120, 80
1, pwrDraw , 1670705326586217, 80
1, pwrDraw , 1670705326606200, 80
1, pwrDraw , 1670705326626219, 80
1, pwrDraw , 1670705326646230, 80
1, pwrDraw , 1670705326666240, 80
1, pwrDraw , 1670705326686364, 80
1, pwrDraw , 1670705326711831, 80
1, pwrDraw , 1670705326728803, 63
1, pwrDraw , 1670705326749094, 59
1, pwrDraw , 1670705326768983, 58
1, pwrDraw , 1670705326788886, 58
1, pwrDraw , 1670705326808917, 58
1, pwrDraw , 1670705326828913, 58
1, pwrDraw , 1670705326848935, 58
1, pwrDraw , 1670705326869013, 58
1, pwrDraw , 1670705326888997, 58
1, pwrDraw , 1670705326909008, 58
1, pwrDraw , 1670705326928994, 58
1, pwrDraw , 1670705326949188, 58
1, pwrDraw , 1670705326969348, 58
1, pwrDraw , 1670705326989281, 58
1, pwrDraw , 1670705327009308, 58
1, pwrDraw , 1670705327029318, 58
1, pwrDraw , 1670705327049329, 58
1, pwrDraw , 1670705327069451, 58
1, pwrDraw , 1670705327089425, 58
1, pwrDraw , 1670705327109435, 58
1, pwrDraw , 1670705327129446, 58
1, pwrDraw , 1670705327149654, 58
1, pwrDraw , 1670705327169755, 58
1, pwrDraw , 1670705327189673, 58
1, pwrDraw , 1670705327209816, 58
1, pwrDraw , 1670705327229695, 58
1, pwrDraw , 1670705327249705, 58
1, pwrDraw , 1670705327269899, 58
1, pwrDraw , 1670705327289892, 58
1, pwrDraw , 1670705327309902, 58
1, pwrDraw , 1670705327329898, 58
1, pwrDraw , 1670705327350086, 58
1, pwrDraw , 1670705327370282, 58
1, pwrDraw , 1670705327390230, 58
1, pwrDraw , 1670705327410242, 58
1, pwrDraw , 1670705327430252, 58
1, pwrDraw , 1670705327450263, 58
1, pwrDraw , 1670705327470390, 58
1, pwrDraw , 1670705327490390, 58
1, pwrDraw , 1670705327510384, 58
1, pwrDraw , 1670705327530410, 58
1, pwrDraw , 1670705327550616, 58
1, pwrDraw , 1670705327570910, 58
1, pwrDraw , 1670705327590724, 58
1, pwrDraw , 1670705327610702, 58
1, pwrDraw , 1670705327630720, 58
1, pwrDraw , 1670705327650730, 58
1, pwrDraw , 1670705327670851, 57
1, pwrDraw , 1670705327690841, 58
1, pwrDraw , 1670705327710951, 58
1, pwrDraw , 1670705327730859, 58
1, pwrDraw , 1670705327752379, 58
1, pwrDraw , 1670705327771554, 58
1, pwrDraw , 1670705327791373, 58
1, pwrDraw , 1670705327811365, 57
1, pwrDraw , 1670705327831346, 58
1, pwrDraw , 1670705327851362, 58
1, pwrDraw , 1670705327871469, 58
1, pwrDraw , 1670705327891467, 58
1, pwrDraw , 1670705327911495, 58
1, pwrDraw , 1670705327931658, 58
1, pwrDraw , 1670705327951677, 57
1, pwrDraw , 1670705327971747, 58
1, pwrDraw , 1670705327991755, 58
1, pwrDraw , 1670705328011741, 58
1, pwrDraw , 1670705328031758, 58
1, pwrDraw , 1670705328051769, 58
1, pwrDraw , 1670705328071886, 58
1, pwrDraw , 1670705328091880, 57
1, pwrDraw , 1670705328111892, 58
1, pwrDraw , 1670705328131901, 58
1, pwrDraw , 1670705328152107, 58
1, pwrDraw , 1670705328172155, 58
1, pwrDraw , 1670705328192180, 58
1, pwrDraw , 1670705328212155, 58
1, pwrDraw , 1670705328232166, 57
1, pwrDraw , 1670705328252176, 58
1, pwrDraw , 1670705328272293, 58
1, temp    , 1670705328278032, 40
1, memUtil , 1670705327375645, 0
1, memUtil , 1670705327542842, 0
1, memUtil , 1670705327710176, 0
1, memUtil , 1670705327877653, 0
1, memUtil , 1670705328044878, 0
1, memUtil , 1670705328212253, 0
1, gpuUtil , 1670705327375645, 0
1, gpuUtil , 1670705327542842, 0
1, gpuUtil , 1670705327710176, 0
1, gpuUtil , 1670705327877653, 0
1, gpuUtil , 1670705328044878, 0
1, gpuUtil , 1670705328212253, 0
1, encUtil , 1670705327375645, 0
1, encUtil , 1670705327542842, 0
1, encUtil , 1670705327710176, 0
1, encUtil , 1670705327877653, 0
1, encUtil , 1670705328044878, 0
1, encUtil , 1670705328212253, 0
1, decUtil , 1670705327375645, 0
1, decUtil , 1670705327542842, 0
1, decUtil , 1670705327710176, 0
1, decUtil , 1670705327877653, 0
1, decUtil , 1670705328044878, 0
1, decUtil , 1670705328212253, 0
1, procClk , 1670705327755194, 1430
1, procClk , 1670705327755972, 1430
1, memClk  , 1670705327755194, 5005
1, memClk  , 1670705327755972, 5005
1, violPwr , 1670705328284528, 2721009248
1, violThm , 1670705328284762, 0
1, pwrDraw , 1670705328853482, 57
1, pwrDraw , 1670705328873604, 57
1, pwrDraw , 1670705328893612, 57
1, pwrDraw , 1670705328913621, 58
1, pwrDraw , 1670705328933632, 58
1, pwrDraw , 1670705328953813, 57
1, pwrDraw , 1670705328973963, 57
1, pwrDraw , 1670705328993893, 57
1, pwrDraw , 1670705329013925, 57
1, pwrDraw , 1670705329033925, 57
1, pwrDraw , 1670705329053936, 57
1, pwrDraw , 1670705329074041, 57
1, pwrDraw , 1670705329094036, 57
1, pwrDraw , 1670705329114046, 57
1, pwrDraw , 1670705329134069, 57
1, pwrDraw , 1670705329154250, 57
1, pwrDraw , 1670705329174306, 57
1, pwrDraw , 1670705329194268, 57
1, pwrDraw , 1670705329214342, 57
1, pwrDraw , 1670705329234321, 57
1, pwrDraw , 1670705329254342, 57
1, pwrDraw , 1670705329274446, 57
1, pwrDraw , 1670705329294443, 57
1, pwrDraw , 1670705328292306, 58
1, pwrDraw , 1670705328312299, 58
1, pwrDraw , 1670705328332303, 57
1, pwrDraw , 1670705328352502, 58
1, pwrDraw , 1670705328372617, 57
1, pwrDraw , 1670705328392714, 58
1, pwrDraw , 1670705328412645, 58
1, pwrDraw , 1670705328432633, 57
1, pwrDraw , 1670705328452654, 58
1, pwrDraw , 1670705328472758, 57
1, pwrDraw , 1670705328492754, 58
1, pwrDraw , 1670705328512759, 57
1, pwrDraw , 1670705328532787, 58
1, pwrDraw , 1670705328552997, 58
1, pwrDraw , 1670705328573054, 57
1, pwrDraw , 1670705328593070, 58
1, pwrDraw , 1670705328613081, 57
1, pwrDraw , 1670705328633069, 58
1, pwrDraw , 1670705328653091, 57
1, pwrDraw , 1670705328673197, 58
1, pwrDraw , 1670705328693202, 58
1, pwrDraw , 1670705328713197, 57
1, pwrDraw , 1670705328733210, 58
1, pwrDraw , 1670705328753395, 57
1, pwrDraw , 1670705328773461, 58
1, pwrDraw , 1670705328793419, 58
1, pwrDraw , 1670705328813487, 58
1, temp    , 1670705329310028, 39
1, memUtil , 1670705328379540, 0
1, memUtil , 1670705328546767, 0
1, memUtil , 1670705328714021, 0
1, memUtil , 1670705328881338, 0
1, memUtil , 1670705329048594, 0
1, memUtil , 1670705329215909, 0
1, gpuUtil , 1670705328379540, 0
1, gpuUtil , 1670705328546767, 0
1, gpuUtil , 1670705328714021, 0
1, gpuUtil , 1670705328881338, 0
1, gpuUtil , 1670705329048594, 0
1, gpuUtil , 1670705329215909, 0
1, encUtil , 1670705328379540, 0
1, encUtil , 1670705328546767, 0
1, encUtil , 1670705328714021, 0
1, encUtil , 1670705328881338, 0
1, encUtil , 1670705329048594, 0
1, encUtil , 1670705329215909, 0
1, decUtil , 1670705328379540, 0
1, decUtil , 1670705328546767, 0
1, decUtil , 1670705328714021, 0
1, decUtil , 1670705328881338, 0
1, decUtil , 1670705329048594, 0
1, decUtil , 1670705329215909, 0
1, violPwr , 1670705329316499, 2721009248
1, violThm , 1670705329316749, 0
1, pwrDraw , 1670705328853482, 57
1, pwrDraw , 1670705328873604, 57
1, pwrDraw , 1670705328893612, 57
1, pwrDraw , 1670705328913621, 58
1, pwrDraw , 1670705328933632, 58
1, pwrDraw , 1670705328953813, 57
1, pwrDraw , 1670705328973963, 57
1, pwrDraw , 1670705328993893, 57
1, pwrDraw , 1670705329013925, 57
1, pwrDraw , 1670705329033925, 57
1, pwrDraw , 1670705329053936, 57
1, pwrDraw , 1670705329074041, 57
1, pwrDraw , 1670705329094036, 57
1, pwrDraw , 1670705329114046, 57
1, pwrDraw , 1670705329134069, 57
1, pwrDraw , 1670705329154250, 57
1, pwrDraw , 1670705329174306, 57
1, pwrDraw , 1670705329194268, 57
1, pwrDraw , 1670705329214342, 57
1, pwrDraw , 1670705329234321, 57
1, pwrDraw , 1670705329254342, 57
1, pwrDraw , 1670705329274446, 57
1, pwrDraw , 1670705329294443, 57
1, pwrDraw , 1670705329314448, 58
1, pwrDraw , 1670705329334482, 57
1, pwrDraw , 1670705329354652, 57
1, pwrDraw , 1670705329374775, 57
1, pwrDraw , 1670705329395008, 55
1, pwrDraw , 1670705329415124, 52
1, pwrDraw , 1670705329434994, 51
1, pwrDraw , 1670705329454962, 51
1, pwrDraw , 1670705329474987, 51
1, pwrDraw , 1670705329495087, 51
1, pwrDraw , 1670705329515098, 51
1, pwrDraw , 1670705329535109, 51
1, pwrDraw , 1670705329555331, 51
1, pwrDraw , 1670705329575266, 51
1, pwrDraw , 1670705329595405, 51
1, pwrDraw , 1670705329615514, 51
1, pwrDraw , 1670705329635431, 51
1, pwrDraw , 1670705329655399, 51
1, pwrDraw , 1670705329675424, 51
1, pwrDraw , 1670705329695524, 51
1, pwrDraw , 1670705329715521, 51
1, pwrDraw , 1670705329735547, 51
1, pwrDraw , 1670705329755725, 51
1, pwrDraw , 1670705329775687, 51
1, pwrDraw , 1670705329795811, 51
1, pwrDraw , 1670705329815755, 51
1, pwrDraw , 1670705329835819, 51
1, pwrDraw , 1670705329855820, 51
1, pwrDraw , 1670705329875817, 51
1, pwrDraw , 1670705329895977, 51
1, pwrDraw , 1670705329915912, 51
1, pwrDraw , 1670705329935909, 51
1, pwrDraw , 1670705329956102, 51
1, pwrDraw , 1670705329976064, 51
1, pwrDraw , 1670705329996220, 51
1, pwrDraw , 1670705330016222, 51
1, pwrDraw , 1670705330036287, 51
1, pwrDraw , 1670705330056345, 51
1, pwrDraw , 1670705330076284, 51
1, pwrDraw , 1670705330096407, 51
1, pwrDraw , 1670705330116409, 51
1, pwrDraw , 1670705330136406, 51
1, pwrDraw , 1670705330156600, 51
1, pwrDraw , 1670705330176547, 51
1, pwrDraw , 1670705330196673, 51
1, pwrDraw , 1670705330216629, 51
1, pwrDraw , 1670705330236731, 51
1, pwrDraw , 1670705330256680, 51
1, pwrDraw , 1670705330276705, 51
1, pwrDraw , 1670705330296806, 51
1, pwrDraw , 1670705330316816, 51
1, temp    , 1670705330331961, 38
1, memUtil , 1670705329383275, 0
1, memUtil , 1670705329550663, 0
1, memUtil , 1670705329717917, 0
1, memUtil , 1670705329885143, 0
1, memUtil , 1670705330052521, 0
1, memUtil , 1670705330219805, 0
1, gpuUtil , 1670705329383275, 0
1, gpuUtil , 1670705329550663, 0
1, gpuUtil , 1670705329717917, 0
1, gpuUtil , 1670705329885143, 0
1, gpuUtil , 1670705330052521, 0
1, gpuUtil , 1670705330219805, 0
1, encUtil , 1670705329383275, 0
1, encUtil , 1670705329550663, 0
1, encUtil , 1670705329717917, 0
1, encUtil , 1670705329885143, 0
1, encUtil , 1670705330052521, 0
1, encUtil , 1670705330219805, 0
1, decUtil , 1670705329383275, 0
1, decUtil , 1670705329550663, 0
1, decUtil , 1670705329717917, 0
1, decUtil , 1670705329885143, 0
1, decUtil , 1670705330052521, 0
1, decUtil , 1670705330219805, 0
1, procClk , 1670705329385429, 1430
1, procClk , 1670705329385897, 1430
1, procClk , 1670705329387302, 1189
1, memClk  , 1670705329385429, 4513
1, memClk  , 1670705329385897, 4513
1, memClk  , 1670705329387302, 4513
1, violPwr , 1670705330338209, 2721009248
1, violThm , 1670705330338434, 0
1, pwrDraw , 1670705331258985, 51
1, pwrDraw , 1670705331278801, 51
1, pwrDraw , 1670705331298876, 51
1, pwrDraw , 1670705331318867, 50
1, pwrDraw , 1670705331338892, 51
1, pwrDraw , 1670705331359072, 51
1, pwrDraw , 1670705330336813, 51
1, pwrDraw , 1670705330357037, 51
1, pwrDraw , 1670705330377027, 51
1, pwrDraw , 1670705330397180, 51
1, pwrDraw , 1670705330417096, 51
1, pwrDraw , 1670705330437160, 51
1, pwrDraw , 1670705330457191, 51
1, pwrDraw , 1670705330477158, 51
1, pwrDraw , 1670705330497281, 51
1, pwrDraw , 1670705330517283, 51
1, pwrDraw , 1670705330537280, 51
1, pwrDraw , 1670705330557469, 51
1, pwrDraw , 1670705330577421, 51
1, pwrDraw , 1670705330597547, 51
1, pwrDraw , 1670705330617517, 51
1, pwrDraw , 1670705330637514, 51
1, pwrDraw , 1670705330657578, 51
1, pwrDraw , 1670705330677579, 51
1, pwrDraw , 1670705330697680, 51
1, pwrDraw , 1670705330717676, 51
1, pwrDraw , 1670705330737702, 51
1, pwrDraw , 1670705330757881, 51
1, pwrDraw , 1670705330777842, 51
1, pwrDraw , 1670705330797967, 51
1, pwrDraw , 1670705330817910, 51
1, pwrDraw , 1670705330837935, 51
1, pwrDraw , 1670705330857993, 51
1, pwrDraw , 1670705330877985, 51
1, pwrDraw , 1670705330898133, 51
1, pwrDraw , 1670705330918053, 51
1, pwrDraw , 1670705330938078, 51
1, pwrDraw , 1670705330958259, 51
1, pwrDraw , 1670705330978220, 51
1, pwrDraw , 1670705330998344, 51
1, pwrDraw , 1670705331018392, 51
1, pwrDraw , 1670705331038341, 51
1, pwrDraw , 1670705331058502, 51
1, pwrDraw , 1670705331078363, 51
1, pwrDraw , 1670705331098464, 51
1, pwrDraw , 1670705331118460, 50
1, pwrDraw , 1670705331138485, 51
1, pwrDraw , 1670705331158666, 51
1, pwrDraw , 1670705331178627, 51
1, pwrDraw , 1670705331198751, 51
1, pwrDraw , 1670705331218708, 51
1, temp    , 1670705331362067, 38
1, memUtil , 1670705330387120, 0
1, memUtil , 1670705330554506, 0
1, memUtil , 1670705330721632, 0
1, memUtil , 1670705330888859, 0
1, memUtil , 1670705331056197, 0
1, memUtil , 1670705331223430, 0
1, gpuUtil , 1670705330387120, 0
1, gpuUtil , 1670705330554506, 0
1, gpuUtil , 1670705330721632, 0
1, gpuUtil , 1670705330888859, 0
1, gpuUtil , 1670705331056197, 0
1, gpuUtil , 1670705331223430, 0
1, encUtil , 1670705330387120, 0
1, encUtil , 1670705330554506, 0
1, encUtil , 1670705330721632, 0
1, encUtil , 1670705330888859, 0
1, encUtil , 1670705331056197, 0
1, encUtil , 1670705331223430, 0
1, decUtil , 1670705330387120, 0
1, decUtil , 1670705330554506, 0
1, decUtil , 1670705330721632, 0
1, decUtil , 1670705330888859, 0
1, decUtil , 1670705331056197, 0
1, decUtil , 1670705331223430, 0
1, violPwr , 1670705331368113, 2721009248
1, violThm , 1670705331368331, 0
1, pwrDraw , 1670705331258988, 51
1, pwrDraw , 1670705331278804, 51
1, pwrDraw , 1670705331298879, 51
1, pwrDraw , 1670705331318870, 50
1, pwrDraw , 1670705331338895, 51
1, pwrDraw , 1670705331359075, 51
1, pwrDraw , 1670705331379198, 50
1, pwrDraw , 1670705331399251, 51
1, pwrDraw , 1670705331419208, 50
1, pwrDraw , 1670705331439218, 51
1, pwrDraw , 1670705331459442, 51
1, pwrDraw , 1670705331479299, 50
1, pwrDraw , 1670705331499371, 51
1, pwrDraw , 1670705331519382, 50
1, pwrDraw , 1670705331539378, 51
1, pwrDraw , 1670705331559683, 51
1, pwrDraw , 1670705331579519, 51
1, pwrDraw , 1670705331599646, 51
1, pwrDraw , 1670705331619615, 50
1, pwrDraw , 1670705331639612, 51
1, pwrDraw , 1670705331659637, 51
1, pwrDraw , 1670705331679687, 50
1, pwrDraw , 1670705331699787, 51
1, pwrDraw , 1670705331719789, 50
1, pwrDraw , 1670705331739801, 51
1, pwrDraw , 1670705331759980, 50
1, pwrDraw , 1670705331779941, 51
1, pwrDraw , 1670705331800065, 51
1, pwrDraw , 1670705331820008, 51
1, pwrDraw , 1670705331840033, 51
1, pwrDraw , 1670705331860044, 50
1, pwrDraw , 1670705331880103, 51
1, pwrDraw , 1670705331900214, 51
1, pwrDraw , 1670705331920152, 50
1, pwrDraw , 1670705331940176, 51
1, pwrDraw , 1670705331960351, 50
1, pwrDraw , 1670705331980318, 51
1, pwrDraw , 1670705332000442, 51
1, pwrDraw , 1670705332020385, 51
1, pwrDraw , 1670705332040410, 51
1, pwrDraw , 1670705332060582, 50
1, temp    , 1670705332393079, 36
1, memUtil , 1670705331390779, 0
1, memUtil , 1670705331558144, 0
1, memUtil , 1670705331725291, 0
1, memUtil , 1670705331892578, 0
1, memUtil , 1670705332059874, 0
1, memUtil , 1670705332227349, 0
1, gpuUtil , 1670705331390779, 0
1, gpuUtil , 1670705331558144, 0
1, gpuUtil , 1670705331725291, 0
1, gpuUtil , 1670705331892578, 0
1, gpuUtil , 1670705332059874, 0
1, gpuUtil , 1670705332227349, 0
1, gpuUtil , 1670705332394515, 0
1, encUtil , 1670705331390779, 0
1, encUtil , 1670705331558144, 0
1, encUtil , 1670705331725291, 0
1, encUtil , 1670705331892578, 0
1, encUtil , 1670705332059874, 0
1, encUtil , 1670705332227349, 0
1, encUtil , 1670705332394515, 0
1, decUtil , 1670705331390779, 0
1, decUtil , 1670705331558144, 0
1, decUtil , 1670705331725291, 0
1, decUtil , 1670705331892578, 0
1, decUtil , 1670705332059874, 0
1, decUtil , 1670705332227349, 0
1, decUtil , 1670705332394515, 0
1, procClk , 1670705332061703, 1189
1, procClk , 1670705332062435, 1189
1, procClk , 1670705332063805, 1088
1, memClk  , 1670705332061703, 810
1, memClk  , 1670705332062435, 810
1, memClk  , 1670705332063805, 810
1, violPwr , 1670705332399574, 2721009248
1, violThm , 1670705332399993, 0
1, pwrDraw , 1670705333061646, 13
1, pwrDraw , 1670705333102589, 16
1, pwrDraw , 1670705333122639, 38
1, pwrDraw , 1670705333142555, 52
1, pwrDraw , 1670705333162845, 55
1, pwrDraw , 1670705333182713, 54
1, pwrDraw , 1670705333202713, 53
1, pwrDraw , 1670705333222730, 53
1, pwrDraw , 1670705333242742, 53
1, pwrDraw , 1670705333262861, 54
1, pwrDraw , 1670705333282826, 54
1, pwrDraw , 1670705333303053, 53
1, pwrDraw , 1670705333322876, 54
1, pwrDraw , 1670705333342852, 53
1, pwrDraw , 1670705333363131, 54
1, pwrDraw , 1670705333383245, 54
1, pwrDraw , 1670705333403216, 54
1, temp    , 1670705333421651, 36
1, memUtil , 1670705332394515, 0
1, memUtil , 1670705332561591, 0
1, memUtil , 1670705332895742, 0
1, memUtil , 1670705333063028, 0
1, memUtil , 1670705333230504, 0
1, memUtil , 1670705333397910, 0
1, gpuUtil , 1670705332561591, 0
1, gpuUtil , 1670705332895742, 0
1, gpuUtil , 1670705333063028, 0
1, gpuUtil , 1670705333230504, 5
1, gpuUtil , 1670705333397910, 0
1, encUtil , 1670705332561591, 0
1, encUtil , 1670705332895742, 0
1, encUtil , 1670705333063028, 0
1, encUtil , 1670705333230504, 0
1, encUtil , 1670705333397910, 0
1, decUtil , 1670705332561591, 0
1, decUtil , 1670705332895742, 0
1, decUtil , 1670705333063028, 0
1, decUtil , 1670705333230504, 0
1, decUtil , 1670705333397910, 0
