1, pwrDraw , 1670705398283338, 9
1, temp    , 1670705398630613, 26
1, memUtil , 1670705397634648, 0
1, memUtil , 1670705397801719, 0
1, memUtil , 1670705397968853, 0
1, memUtil , 1670705398135984, 0
1, memUtil , 1670705398303447, 0
1, memUtil , 1670705398470583, 0
1, gpuUtil , 1670705397634648, 0
1, gpuUtil , 1670705397801719, 0
1, gpuUtil , 1670705397968853, 0
1, gpuUtil , 1670705398135984, 0
1, gpuUtil , 1670705398303447, 0
1, gpuUtil , 1670705398470583, 0
1, encUtil , 1670705397634648, 0
1, encUtil , 1670705397801719, 0
1, encUtil , 1670705397968853, 0
1, encUtil , 1670705398135984, 0
1, encUtil , 1670705398303447, 0
1, encUtil , 1670705398470583, 0
1, decUtil , 1670705397634648, 0
1, decUtil , 1670705397801719, 0
1, decUtil , 1670705397968853, 0
1, decUtil , 1670705398135984, 0
1, decUtil , 1670705398303447, 0
1, decUtil , 1670705398470583, 0
1, violPwr , 1670705398635949, 0
1, violThm , 1670705398636735, 0
1, pwrDraw , 1670705399284352, 9
1, temp    , 1670705399650988, 26
1, memUtil , 1670705398637657, 0
1, memUtil , 1670705398804595, 0
1, memUtil , 1670705398971862, 0
1, memUtil , 1670705399138963, 0
1, memUtil , 1670705399306307, 0
1, memUtil , 1670705399473383, 0
1, memUtil , 1670705399640458, 0
1, gpuUtil , 1670705398637657, 0
1, gpuUtil , 1670705398804595, 0
1, gpuUtil , 1670705398971862, 0
1, gpuUtil , 1670705399138963, 0
1, gpuUtil , 1670705399306307, 0
1, gpuUtil , 1670705399473383, 0
1, gpuUtil , 1670705399640458, 0
1, encUtil , 1670705398637657, 0
1, encUtil , 1670705398804595, 0
1, encUtil , 1670705398971862, 0
1, encUtil , 1670705399138963, 0
1, encUtil , 1670705399306307, 0
1, encUtil , 1670705399473383, 0
1, encUtil , 1670705399640458, 0
1, decUtil , 1670705398637657, 0
1, decUtil , 1670705398804595, 0
1, decUtil , 1670705398971862, 0
1, decUtil , 1670705399138963, 0
1, decUtil , 1670705399306307, 0
1, decUtil , 1670705399473383, 0
1, decUtil , 1670705399640458, 0
1, violPwr , 1670705399656017, 0
1, violThm , 1670705399656440, 0
1, pwrDraw , 1670705400283511, 9
1, temp    , 1670705400673511, 26
1, memUtil , 1670705399807500, 0
1, memUtil , 1670705399974603, 0
1, memUtil , 1670705400141734, 0
1, memUtil , 1670705400309168, 0
1, memUtil , 1670705400476244, 0
1, memUtil , 1670705400643287, 0
1, gpuUtil , 1670705399807500, 0
1, gpuUtil , 1670705399974603, 0
1, gpuUtil , 1670705400141734, 0
1, gpuUtil , 1670705400309168, 0
1, gpuUtil , 1670705400476244, 0
1, gpuUtil , 1670705400643287, 0
1, encUtil , 1670705399807500, 0
1, encUtil , 1670705399974603, 0
1, encUtil , 1670705400141734, 0
1, encUtil , 1670705400309168, 0
1, encUtil , 1670705400476244, 0
1, encUtil , 1670705400643287, 0
1, decUtil , 1670705399807500, 0
1, decUtil , 1670705399974603, 0
1, decUtil , 1670705400141734, 0
1, decUtil , 1670705400309168, 0
1, decUtil , 1670705400476244, 0
1, decUtil , 1670705400643287, 0
1, violPwr , 1670705400678553, 0
1, violThm , 1670705400678967, 0
1, pwrDraw , 1670705401286968, 9
1, temp    , 1670705401696562, 26
1, memUtil , 1670705400810360, 0
1, memUtil , 1670705400977464, 0
1, memUtil , 1670705401144594, 0
1, memUtil , 1670705401312154, 0
1, memUtil , 1670705401479251, 0
1, memUtil , 1670705401646329, 0
1, gpuUtil , 1670705400810360, 0
1, gpuUtil , 1670705400977464, 0
1, gpuUtil , 1670705401144594, 0
1, gpuUtil , 1670705401312154, 0
1, gpuUtil , 1670705401479251, 0
1, gpuUtil , 1670705401646329, 0
1, encUtil , 1670705400810360, 0
1, encUtil , 1670705400977464, 0
1, encUtil , 1670705401144594, 0
1, encUtil , 1670705401312154, 0
1, encUtil , 1670705401479251, 0
1, encUtil , 1670705401646329, 0
1, decUtil , 1670705400810360, 0
1, decUtil , 1670705400977464, 0
1, decUtil , 1670705401144594, 0
1, decUtil , 1670705401312154, 0
1, decUtil , 1670705401479251, 0
1, decUtil , 1670705401646329, 0
1, violPwr , 1670705401701586, 0
1, violThm , 1670705401702031, 0
1, pwrDraw , 1670705402288116, 9
1, temp    , 1670705402719722, 26
1, memUtil , 1670705401813431, 0
1, memUtil , 1670705401980565, 0
1, memUtil , 1670705402147668, 0
1, memUtil , 1670705402315249, 0
1, memUtil , 1670705402482315, 0
1, memUtil , 1670705402649489, 0
1, gpuUtil , 1670705401813431, 0
1, gpuUtil , 1670705401980565, 0
1, gpuUtil , 1670705402147668, 0
1, gpuUtil , 1670705402315249, 0
1, gpuUtil , 1670705402482315, 0
1, gpuUtil , 1670705402649489, 0
1, encUtil , 1670705401813431, 0
1, encUtil , 1670705401980565, 0
1, encUtil , 1670705402147668, 0
1, encUtil , 1670705402315249, 0
1, encUtil , 1670705402482315, 0
1, encUtil , 1670705402649489, 0
1, decUtil , 1670705401813431, 0
1, decUtil , 1670705401980565, 0
1, decUtil , 1670705402147668, 0
1, decUtil , 1670705402315249, 0
1, decUtil , 1670705402482315, 0
1, decUtil , 1670705402649489, 0
1, violPwr , 1670705402724729, 0
1, violThm , 1670705402725200, 0
1, pwrDraw , 1670705403290505, 9
1, temp    , 1670705403741748, 26
1, memUtil , 1670705402816625, 0
1, memUtil , 1670705402983761, 0
1, memUtil , 1670705403150867, 0
1, memUtil , 1670705403318720, 0
1, memUtil , 1670705403485889, 0
1, memUtil , 1670705403652909, 0
1, gpuUtil , 1670705402816625, 0
1, gpuUtil , 1670705402983761, 0
1, gpuUtil , 1670705403150867, 0
1, gpuUtil , 1670705403318720, 0
1, gpuUtil , 1670705403485889, 0
1, gpuUtil , 1670705403652909, 0
1, encUtil , 1670705402816625, 0
1, encUtil , 1670705402983761, 0
1, encUtil , 1670705403150867, 0
1, encUtil , 1670705403318720, 0
1, encUtil , 1670705403485889, 0
1, encUtil , 1670705403652909, 0
1, decUtil , 1670705402816625, 0
1, decUtil , 1670705402983761, 0
1, decUtil , 1670705403150867, 0
1, decUtil , 1670705403318720, 0
1, decUtil , 1670705403485889, 0
1, decUtil , 1670705403652909, 0
1, violPwr , 1670705403746771, 0
1, violThm , 1670705403747169, 0
1, pwrDraw , 1670705404292083, 9
1, temp    , 1670705404760429, 26
1, memUtil , 1670705403820011, 0
1, memUtil , 1670705403987147, 0
1, memUtil , 1670705404154252, 0
1, memUtil , 1670705404322136, 0
1, memUtil , 1670705404489304, 0
1, memUtil , 1670705404656325, 0
1, gpuUtil , 1670705403820011, 0
1, gpuUtil , 1670705403987147, 0
1, gpuUtil , 1670705404154252, 0
1, gpuUtil , 1670705404322136, 0
1, gpuUtil , 1670705404489304, 0
1, gpuUtil , 1670705404656325, 0
1, encUtil , 1670705403820011, 0
1, encUtil , 1670705403987147, 0
1, encUtil , 1670705404154252, 0
1, encUtil , 1670705404322136, 0
1, encUtil , 1670705404489304, 0
1, encUtil , 1670705404656325, 0
1, decUtil , 1670705403820011, 0
1, decUtil , 1670705403987147, 0
1, decUtil , 1670705404154252, 0
1, decUtil , 1670705404322136, 0
1, decUtil , 1670705404489304, 0
1, decUtil , 1670705404656325, 0
1, violPwr , 1670705404765491, 0
1, violThm , 1670705404765893, 0
1, pwrDraw , 1670705405295883, 9
1, temp    , 1670705405781338, 26
1, memUtil , 1670705404823426, 0
1, memUtil , 1670705404990562, 0
1, memUtil , 1670705405157700, 0
1, memUtil , 1670705405325852, 0
1, memUtil , 1670705405493018, 0
1, memUtil , 1670705405660041, 0
1, gpuUtil , 1670705404823426, 0
1, gpuUtil , 1670705404990562, 0
1, gpuUtil , 1670705405157700, 0
1, gpuUtil , 1670705405325852, 0
1, gpuUtil , 1670705405493018, 0
1, gpuUtil , 1670705405660041, 0
1, encUtil , 1670705404823426, 0
1, encUtil , 1670705404990562, 0
1, encUtil , 1670705405157700, 0
1, encUtil , 1670705405325852, 0
1, encUtil , 1670705405493018, 0
1, encUtil , 1670705405660041, 0
1, decUtil , 1670705404823426, 0
1, decUtil , 1670705404990562, 0
1, decUtil , 1670705405157700, 0
1, decUtil , 1670705405325852, 0
1, decUtil , 1670705405493018, 0
1, decUtil , 1670705405660041, 0
1, violPwr , 1670705405786251, 0
1, violThm , 1670705405786639, 0
1, pwrDraw , 1670705406297122, 9
1, temp    , 1670705406799928, 26
1, memUtil , 1670705405827142, 0
1, memUtil , 1670705405994278, 0
1, memUtil , 1670705406161414, 0
1, memUtil , 1670705406329897, 0
1, memUtil , 1670705406497066, 0
1, memUtil , 1670705406664086, 0
1, gpuUtil , 1670705405827142, 0
1, gpuUtil , 1670705405994278, 0
1, gpuUtil , 1670705406161414, 0
1, gpuUtil , 1670705406329897, 0
1, gpuUtil , 1670705406497066, 0
1, gpuUtil , 1670705406664086, 0
1, encUtil , 1670705405827142, 0
1, encUtil , 1670705405994278, 0
1, encUtil , 1670705406161414, 0
1, encUtil , 1670705406329897, 0
1, encUtil , 1670705406497066, 0
1, encUtil , 1670705406664086, 0
1, decUtil , 1670705405827142, 0
1, decUtil , 1670705405994278, 0
1, decUtil , 1670705406161414, 0
1, decUtil , 1670705406329897, 0
1, decUtil , 1670705406497066, 0
1, decUtil , 1670705406664086, 0
1, violPwr , 1670705406805228, 0
1, violThm , 1670705406805639, 0
1, pwrDraw , 1670705407162269, 56
1, pwrDraw , 1670705407182282, 56
1, pwrDraw , 1670705407202290, 56
1, pwrDraw , 1670705407222412, 56
1, pwrDraw , 1670705407242558, 56
1, pwrDraw , 1670705407262436, 56
1, pwrDraw , 1670705407282611, 56
1, pwrDraw , 1670705407302548, 56
1, pwrDraw , 1670705407322687, 56
1, pwrDraw , 1670705407342798, 56
1, pwrDraw , 1670705407362646, 56
1, pwrDraw , 1670705407382656, 56
1, pwrDraw , 1670705407402667, 56
1, pwrDraw , 1670705407422812, 56
1, pwrDraw , 1670705407442947, 57
1, pwrDraw , 1670705407462814, 57
1, pwrDraw , 1670705407482988, 56
1, pwrDraw , 1670705407503040, 56
1, pwrDraw , 1670705407523185, 56
1, pwrDraw , 1670705407543103, 56
1, pwrDraw , 1670705407563115, 56
1, pwrDraw , 1670705407583126, 56
1, pwrDraw , 1670705407603136, 56
1, pwrDraw , 1670705407623267, 56
1, pwrDraw , 1670705407643217, 56
1, pwrDraw , 1670705407663300, 56
1, pwrDraw , 1670705407683471, 56
1, pwrDraw , 1670705407703400, 56
1, pwrDraw , 1670705407723544, 56
1, pwrDraw , 1670705407743481, 56
1, pwrDraw , 1670705407763515, 56
1, pwrDraw , 1670705407783503, 93
1, pwrDraw , 1670705407803514, 104
1, pwrDraw , 1670705407823650, 104
1, pwrDraw , 1670705406870000, 10
1, pwrDraw , 1670705406881862, 34
1, pwrDraw , 1670705406901832, 49
1, pwrDraw , 1670705406921826, 52
1, pwrDraw , 1670705406941828, 53
1, pwrDraw , 1670705406961867, 53
1, pwrDraw , 1670705406982083, 53
1, pwrDraw , 1670705407001956, 52
1, pwrDraw , 1670705407022117, 54
1, pwrDraw , 1670705407042078, 55
1, pwrDraw , 1670705407062066, 56
1, pwrDraw , 1670705407082273, 56
1, pwrDraw , 1670705407102222, 56
1, pwrDraw , 1670705407122299, 56
1, temp    , 1670705407825927, 29
1, memUtil , 1670705406831188, 0
1, memUtil , 1670705407004367, 1
1, memUtil , 1670705407171614, 0
1, memUtil , 1670705407339021, 0
1, memUtil , 1670705407506215, 0
1, memUtil , 1670705407673381, 0
1, gpuUtil , 1670705406831188, 0
1, gpuUtil , 1670705407004367, 67
1, gpuUtil , 1670705407171614, 24
1, gpuUtil , 1670705407339021, 0
1, gpuUtil , 1670705407506215, 24
1, gpuUtil , 1670705407673381, 0
1, encUtil , 1670705406831188, 0
1, encUtil , 1670705407004367, 0
1, encUtil , 1670705407171614, 0
1, encUtil , 1670705407339021, 0
1, encUtil , 1670705407506215, 0
1, encUtil , 1670705407673381, 0
1, decUtil , 1670705406831188, 0
1, decUtil , 1670705407004367, 0
1, decUtil , 1670705407171614, 0
1, decUtil , 1670705407339021, 0
1, decUtil , 1670705407506215, 0
1, decUtil , 1670705407673381, 0
1, procClk , 1670705406867908, 1417
1, procClk , 1670705406870403, 1417
1, procClk , 1670705407006754, 1569
1, procClk , 1670705407007435, 1569
1, memClk  , 1670705406867908, 405
1, memClk  , 1670705406870403, 4513
1, memClk  , 1670705407006754, 4513
1, memClk  , 1670705407007435, 4513
1, violPwr , 1670705407830840, 0
1, violThm , 1670705407831063, 0
1, pwrDraw , 1670705407162268, 56
1, pwrDraw , 1670705407182281, 56
1, pwrDraw , 1670705407202289, 56
1, pwrDraw , 1670705407222410, 56
1, pwrDraw , 1670705407242557, 56
1, pwrDraw , 1670705407262435, 56
1, pwrDraw , 1670705407282610, 56
1, pwrDraw , 1670705407302546, 56
1, pwrDraw , 1670705407322685, 56
1, pwrDraw , 1670705407342796, 56
1, pwrDraw , 1670705407362645, 56
1, pwrDraw , 1670705407382655, 56
1, pwrDraw , 1670705407402666, 56
1, pwrDraw , 1670705407422811, 56
1, pwrDraw , 1670705407442945, 57
1, pwrDraw , 1670705407462813, 57
1, pwrDraw , 1670705407482987, 56
1, pwrDraw , 1670705407503039, 56
1, pwrDraw , 1670705407523183, 56
1, pwrDraw , 1670705407543102, 56
1, pwrDraw , 1670705407563114, 56
1, pwrDraw , 1670705407583125, 56
1, pwrDraw , 1670705407603135, 56
1, pwrDraw , 1670705407623266, 56
1, pwrDraw , 1670705407643215, 56
1, pwrDraw , 1670705407663299, 56
1, pwrDraw , 1670705407683469, 56
1, pwrDraw , 1670705407703398, 56
1, pwrDraw , 1670705407723543, 56
1, pwrDraw , 1670705407743480, 56
1, pwrDraw , 1670705407763513, 56
1, pwrDraw , 1670705407783502, 93
1, pwrDraw , 1670705407803513, 104
1, pwrDraw , 1670705407823649, 104
1, pwrDraw , 1670705407849746, 104
1, pwrDraw , 1670705407866747, 128
1, pwrDraw , 1670705407886861, 138
1, pwrDraw , 1670705407906818, 142
1, pwrDraw , 1670705407926829, 101
1, pwrDraw , 1670705407946840, 74
1, pwrDraw , 1670705407966947, 69
1, pwrDraw , 1670705407986922, 67
1, pwrDraw , 1670705408006962, 67
1, pwrDraw , 1670705408027082, 71
1, pwrDraw , 1670705408046992, 78
1, pwrDraw , 1670705408067087, 125
1, pwrDraw , 1670705408087237, 117
1, pwrDraw , 1670705408107175, 150
1, pwrDraw , 1670705408127368, 167
1, pwrDraw , 1670705408147346, 168
1, pwrDraw , 1670705408167379, 166
1, pwrDraw , 1670705408187372, 166
1, pwrDraw , 1670705408207383, 168
1, pwrDraw , 1670705408227506, 172
1, pwrDraw , 1670705408247464, 134
1, pwrDraw , 1670705408267647, 87
1, pwrDraw , 1670705408298153, 78
1, pwrDraw , 1670705408316702, 76
1, pwrDraw , 1670705408333781, 76
1, pwrDraw , 1670705408353943, 76
1, pwrDraw , 1670705408373792, 93
1, pwrDraw , 1670705408393803, 128
1, pwrDraw , 1670705408413808, 119
1, pwrDraw , 1670705408433956, 157
1, pwrDraw , 1670705408453894, 172
1, pwrDraw , 1670705408473987, 172
1, pwrDraw , 1670705408494146, 170
1, pwrDraw , 1670705408514126, 170
1, pwrDraw , 1670705408534248, 172
1, pwrDraw , 1670705408554183, 176
1, pwrDraw , 1670705408574194, 130
1, pwrDraw , 1670705408594204, 88
1, pwrDraw , 1670705408614215, 80
1, pwrDraw , 1670705408634344, 78
1, pwrDraw , 1670705408654296, 76
1, pwrDraw , 1670705408674527, 77
1, pwrDraw , 1670705408694536, 77
1, pwrDraw , 1670705408714468, 132
1, pwrDraw , 1670705408734577, 121
1, pwrDraw , 1670705408754530, 152
1, pwrDraw , 1670705408774540, 171
1, pwrDraw , 1670705408794632, 174
1, pwrDraw , 1670705408814592, 171
1, pwrDraw , 1670705408834740, 171
1, temp    , 1670705408852412, 37
1, memUtil , 1670705407840766, 15
1, memUtil , 1670705408010904, 16
1, memUtil , 1670705408178268, 31
1, memUtil , 1670705408351662, 13
1, memUtil , 1670705408518901, 34
1, memUtil , 1670705408686067, 10
1, memUtil , 1670705408853312, 36
1, gpuUtil , 1670705407840766, 45
1, gpuUtil , 1670705408010904, 70
1, gpuUtil , 1670705408178268, 99
1, gpuUtil , 1670705408351662, 72
1, gpuUtil , 1670705408518901, 99
1, gpuUtil , 1670705408686067, 71
1, gpuUtil , 1670705408853312, 99
1, encUtil , 1670705407840766, 0
1, encUtil , 1670705408010904, 0
1, encUtil , 1670705408178268, 0
1, encUtil , 1670705408351662, 0
1, encUtil , 1670705408518901, 0
1, encUtil , 1670705408686067, 0
1, encUtil , 1670705408853312, 0
1, decUtil , 1670705407840766, 0
1, decUtil , 1670705408010904, 0
1, decUtil , 1670705408178268, 0
1, decUtil , 1670705408351662, 0
1, decUtil , 1670705408518901, 0
1, decUtil , 1670705408686067, 0
1, decUtil , 1670705408853312, 0
1, procClk , 1670705407847930, 1809
1, procClk , 1670705407848739, 1809
1, procClk , 1670705408013605, 1898
1, procClk , 1670705408014297, 1898
1, procClk , 1670705408314174, 1898
1, procClk , 1670705408314922, 1898
1, memClk  , 1670705407847930, 4513
1, memClk  , 1670705407848739, 4513
1, memClk  , 1670705408013605, 4513
1, memClk  , 1670705408014297, 4513
1, memClk  , 1670705408314174, 4513
1, memClk  , 1670705408314922, 4513
1, violPwr , 1670705408857379, 0
1, violThm , 1670705408857593, 0
1, pwrDraw , 1670705409575934, 85
1, pwrDraw , 1670705409595940, 80
1, pwrDraw , 1670705409615950, 78
1, pwrDraw , 1670705409636079, 78
1, pwrDraw , 1670705409656032, 78
1, pwrDraw , 1670705409676042, 105
1, pwrDraw , 1670705409696328, 130
1, pwrDraw , 1670705409716221, 120
1, pwrDraw , 1670705409736305, 162
1, pwrDraw , 1670705409756295, 174
1, pwrDraw , 1670705409776325, 174
1, pwrDraw , 1670705409796321, 172
1, pwrDraw , 1670705409816408, 172
1, pwrDraw , 1670705409836486, 175
1, pwrDraw , 1670705409856443, 179
1, pwrDraw , 1670705408854793, 172
1, pwrDraw , 1670705408874886, 176
1, pwrDraw , 1670705408894883, 158
1, pwrDraw , 1670705408914766, 93
1, pwrDraw , 1670705408934894, 81
1, pwrDraw , 1670705408954847, 79
1, pwrDraw , 1670705408974858, 77
1, pwrDraw , 1670705408994869, 78
1, pwrDraw , 1670705409014879, 78
1, pwrDraw , 1670705409035095, 136
1, pwrDraw , 1670705409055050, 123
1, pwrDraw , 1670705409075067, 148
1, pwrDraw , 1670705409095277, 170
1, pwrDraw , 1670705409115143, 174
1, pwrDraw , 1670705409135272, 172
1, pwrDraw , 1670705409155275, 172
1, pwrDraw , 1670705409175239, 172
1, pwrDraw , 1670705409195245, 175
1, pwrDraw , 1670705409215257, 179
1, pwrDraw , 1670705409235385, 100
1, pwrDraw , 1670705409255343, 83
1, pwrDraw , 1670705409275353, 79
1, pwrDraw , 1670705409295577, 78
1, pwrDraw , 1670705409315466, 78
1, pwrDraw , 1670705409335596, 78
1, pwrDraw , 1670705409355677, 131
1, pwrDraw , 1670705409375573, 125
1, pwrDraw , 1670705409395567, 133
1, pwrDraw , 1670705409415573, 167
1, pwrDraw , 1670705409435702, 175
1, pwrDraw , 1670705409455655, 173
1, pwrDraw , 1670705409475686, 172
1, pwrDraw , 1670705409495938, 172
1, pwrDraw , 1670705409515948, 175
1, pwrDraw , 1670705409536015, 179
1, temp    , 1670705409873093, 40
1, memUtil , 1670705409689331, 10
1, memUtil , 1670705409856588, 37
1, memUtil , 1670705409020458, 10
1, memUtil , 1670705409187684, 37
1, memUtil , 1670705409354960, 12
1, gpuUtil , 1670705409689331, 71
1, gpuUtil , 1670705409856588, 99
1, gpuUtil , 1670705409020458, 71
1, gpuUtil , 1670705409187684, 99
1, gpuUtil , 1670705409354960, 70
1, encUtil , 1670705409689331, 0
1, encUtil , 1670705409856588, 0
1, encUtil , 1670705409020458, 0
1, encUtil , 1670705409187684, 0
1, encUtil , 1670705409354960, 0
1, decUtil , 1670705409689331, 0
1, decUtil , 1670705409856588, 0
1, decUtil , 1670705409020458, 0
1, decUtil , 1670705409187684, 0
1, decUtil , 1670705409354960, 0
1, violPwr , 1670705409879039, 0
1, violThm , 1670705409879309, 0
1, pwrDraw , 1670705409575934, 85
1, pwrDraw , 1670705409595940, 80
1, pwrDraw , 1670705409615950, 78
1, pwrDraw , 1670705409636079, 78
1, pwrDraw , 1670705409656032, 78
1, pwrDraw , 1670705409676042, 105
1, pwrDraw , 1670705409696328, 130
1, pwrDraw , 1670705409716221, 120
1, pwrDraw , 1670705409736305, 162
1, pwrDraw , 1670705409756295, 174
1, pwrDraw , 1670705409776325, 174
1, pwrDraw , 1670705409796321, 172
1, pwrDraw , 1670705409816408, 172
1, pwrDraw , 1670705409836486, 175
1, pwrDraw , 1670705409856443, 179
1, pwrDraw , 1670705409876475, 123
1, pwrDraw , 1670705409907733, 87
1, pwrDraw , 1670705409927101, 81
1, pwrDraw , 1670705409943386, 78
1, pwrDraw , 1670705409963383, 78
1, pwrDraw , 1670705409983394, 78
1, pwrDraw , 1670705410003411, 126
1, pwrDraw , 1670705410023422, 128
1, pwrDraw , 1670705410043585, 127
1, pwrDraw , 1670705410063567, 165
1, pwrDraw , 1670705410083543, 174
1, pwrDraw , 1670705410103750, 173
1, pwrDraw , 1670705410123719, 172
1, pwrDraw , 1670705410143810, 172
1, pwrDraw , 1670705410163955, 175
1, pwrDraw , 1670705410183849, 179
1, pwrDraw , 1670705410203842, 114
1, pwrDraw , 1670705410223878, 86
1, pwrDraw , 1670705410243981, 81
1, pwrDraw , 1670705410263934, 79
1, pwrDraw , 1670705410283950, 78
1, pwrDraw , 1670705410304155, 79
1, pwrDraw , 1670705410324166, 100
1, pwrDraw , 1670705410344245, 130
1, pwrDraw , 1670705410364195, 121
1, pwrDraw , 1670705410384217, 160
1, pwrDraw , 1670705410404218, 174
1, pwrDraw , 1670705410424235, 174
1, pwrDraw , 1670705410444358, 172
1, pwrDraw , 1670705410464317, 172
1, pwrDraw , 1670705410484328, 174
1, pwrDraw , 1670705410504529, 178
1, pwrDraw , 1670705410524665, 130
1, pwrDraw , 1670705410544701, 89
1, pwrDraw , 1670705410564634, 81
1, pwrDraw , 1670705410584645, 79
1, pwrDraw , 1670705410604656, 78
1, pwrDraw , 1670705410624666, 79
1, pwrDraw , 1670705410644795, 79
1, pwrDraw , 1670705410664748, 134
1, pwrDraw , 1670705410684766, 122
1, pwrDraw , 1670705410704986, 155
1, pwrDraw , 1670705410724968, 173
1, pwrDraw , 1670705410745107, 175
1, pwrDraw , 1670705410765041, 173
1, pwrDraw , 1670705410785058, 172
1, pwrDraw , 1670705410805063, 174
1, pwrDraw , 1670705410825080, 177
1, pwrDraw , 1670705410845304, 158
1, pwrDraw , 1670705410865275, 96
1, pwrDraw , 1670705410885307, 83
1, temp    , 1670705410899669, 42
1, memUtil , 1670705409689331, 10
1, memUtil , 1670705409856588, 37
1, memUtil , 1670705410030534, 9
1, memUtil , 1670705410197820, 37
1, memUtil , 1670705410365106, 9
1, memUtil , 1670705410532452, 35
1, memUtil , 1670705410699619, 13
1, memUtil , 1670705410866963, 32
1, gpuUtil , 1670705409689331, 71
1, gpuUtil , 1670705409856588, 99
1, gpuUtil , 1670705410030534, 71
1, gpuUtil , 1670705410197820, 93
1, gpuUtil , 1670705410365106, 77
1, gpuUtil , 1670705410532452, 88
1, gpuUtil , 1670705410699619, 82
1, gpuUtil , 1670705410866963, 85
1, encUtil , 1670705409689331, 0
1, encUtil , 1670705409856588, 0
1, encUtil , 1670705410030534, 0
1, encUtil , 1670705410197820, 0
1, encUtil , 1670705410365106, 0
1, encUtil , 1670705410532452, 0
1, encUtil , 1670705410699619, 0
1, encUtil , 1670705410866963, 0
1, decUtil , 1670705409689331, 0
1, decUtil , 1670705409856588, 0
1, decUtil , 1670705410030534, 0
1, decUtil , 1670705410197820, 0
1, decUtil , 1670705410365106, 0
1, decUtil , 1670705410532452, 0
1, decUtil , 1670705410699619, 0
1, decUtil , 1670705410866963, 0
1, procClk , 1670705409924314, 1885
1, procClk , 1670705409925110, 1885
1, memClk  , 1670705409924314, 4513
1, memClk  , 1670705409925110, 4513
1, violPwr , 1670705410905578, 0
1, violThm , 1670705410905837, 0
1, pwrDraw , 1670705410905497, 80
1, pwrDraw , 1670705410925523, 78
1, pwrDraw , 1670705410945604, 79
1, pwrDraw , 1670705410965576, 79
1, pwrDraw , 1670705410985607, 138
1, pwrDraw , 1670705411005596, 125
1, pwrDraw , 1670705411025606, 145
1, pwrDraw , 1670705411045749, 170
1, pwrDraw , 1670705411065841, 176
1, pwrDraw , 1670705411085772, 173
1, pwrDraw , 1670705411105934, 173
1, pwrDraw , 1670705411125870, 173
1, pwrDraw , 1670705411146095, 176
1, pwrDraw , 1670705411166066, 180
1, pwrDraw , 1670705411186225, 105
1, pwrDraw , 1670705411206146, 85
1, pwrDraw , 1670705411226134, 81
1, pwrDraw , 1670705411246255, 79
1, pwrDraw , 1670705411266209, 79
1, pwrDraw , 1670705411286242, 79
1, pwrDraw , 1670705411306433, 115
1, pwrDraw , 1670705411326367, 129
1, pwrDraw , 1670705411346581, 123
1, pwrDraw , 1670705411366569, 164
1, pwrDraw , 1670705411386573, 175
1, pwrDraw , 1670705411406584, 174
1, pwrDraw , 1670705411426620, 173
1, pwrDraw , 1670705411446726, 173
1, pwrDraw , 1670705411466703, 176
1, pwrDraw , 1670705411486723, 179
1, pwrDraw , 1670705411506921, 121
1, pwrDraw , 1670705411526978, 88
1, pwrDraw , 1670705411547179, 82
1, pwrDraw , 1670705411567176, 79
1, pwrDraw , 1670705411587186, 79
1, pwrDraw , 1670705411607171, 79
1, pwrDraw , 1670705411627189, 87
1, pwrDraw , 1670705411647312, 132
1, pwrDraw , 1670705411667301, 122
1, pwrDraw , 1670705411687304, 157
1, pwrDraw , 1670705411707672, 174
1, pwrDraw , 1670705411727451, 175
1, pwrDraw , 1670705411747815, 173
1, pwrDraw , 1670705411767687, 173
1, pwrDraw , 1670705411787663, 175
1, pwrDraw , 1670705411807668, 179
1, pwrDraw , 1670705411827706, 143
1, pwrDraw , 1670705411847808, 92
1, pwrDraw , 1670705411867812, 82
1, pwrDraw , 1670705411887777, 80
1, pwrDraw , 1670705411907978, 79
1, temp    , 1670705411921486, 42
1, memUtil , 1670705411034280, 16
1, memUtil , 1670705411201655, 29
1, memUtil , 1670705411369031, 17
1, memUtil , 1670705411536407, 27
1, memUtil , 1670705411703822, 19
1, memUtil , 1670705411871009, 25
1, gpuUtil , 1670705411034280, 85
1, gpuUtil , 1670705411201655, 84
1, gpuUtil , 1670705411369031, 85
1, gpuUtil , 1670705411536407, 85
1, gpuUtil , 1670705411703822, 85
1, gpuUtil , 1670705411871009, 85
1, encUtil , 1670705411034280, 0
1, encUtil , 1670705411201655, 0
1, encUtil , 1670705411369031, 0
1, encUtil , 1670705411536407, 0
1, encUtil , 1670705411703822, 0
1, encUtil , 1670705411871009, 0
1, decUtil , 1670705411034280, 0
1, decUtil , 1670705411201655, 0
1, decUtil , 1670705411369031, 0
1, decUtil , 1670705411536407, 0
1, decUtil , 1670705411703822, 0
1, decUtil , 1670705411871009, 0
1, violPwr , 1670705411927351, 0
1, violThm , 1670705411927658, 0
1, pwrDraw , 1670705411988101, 123
1, pwrDraw , 1670705412008112, 152
1, pwrDraw , 1670705412028123, 172
1, pwrDraw , 1670705412048264, 176
1, pwrDraw , 1670705412068198, 174
1, pwrDraw , 1670705412088257, 173
1, pwrDraw , 1670705412108460, 174
1, pwrDraw , 1670705412128320, 177
1, pwrDraw , 1670705412148448, 176
1, pwrDraw , 1670705412168483, 99
1, pwrDraw , 1670705412188442, 84
1, pwrDraw , 1670705412208680, 81
1, pwrDraw , 1670705412228519, 79
1, pwrDraw , 1670705412248625, 79
1, pwrDraw , 1670705412268575, 79
1, pwrDraw , 1670705412288592, 132
1, pwrDraw , 1670705412308796, 127
1, pwrDraw , 1670705412328733, 134
1, pwrDraw , 1670705412348856, 169
1, pwrDraw , 1670705412368890, 176
1, pwrDraw , 1670705412388849, 174
1, pwrDraw , 1670705412408859, 173
1, pwrDraw , 1670705412428870, 173
1, pwrDraw , 1670705412449001, 176
1, pwrDraw , 1670705412468989, 180
1, pwrDraw , 1670705412489040, 112
1, pwrDraw , 1670705412509212, 86
1, pwrDraw , 1670705412529276, 81
1, pwrDraw , 1670705412549372, 80
1, pwrDraw , 1670705412569366, 79
1, pwrDraw , 1670705412589346, 80
1, pwrDraw , 1670705412609364, 105
1, pwrDraw , 1670705412629367, 130
1, pwrDraw , 1670705412649499, 122
1, pwrDraw , 1670705412669485, 162
1, pwrDraw , 1670705412689516, 175
1, pwrDraw , 1670705412709846, 175
1, pwrDraw , 1670705412729657, 174
1, pwrDraw , 1670705412749760, 173
1, pwrDraw , 1670705412769795, 176
1, pwrDraw , 1670705412789795, 179
1, pwrDraw , 1670705412809764, 129
1, pwrDraw , 1670705412829782, 90
1, pwrDraw , 1670705412849900, 82
1, pwrDraw , 1670705412869886, 80
1, pwrDraw , 1670705412889976, 79
1, pwrDraw , 1670705412910127, 79
1, pwrDraw , 1670705412930075, 79
1, pwrDraw , 1670705411928107, 79
1, pwrDraw , 1670705411948223, 79
1, temp    , 1670705412945319, 43
1, memUtil , 1670705412038356, 21
1, memUtil , 1670705412205588, 24
1, memUtil , 1670705412372867, 23
1, memUtil , 1670705412540243, 22
1, memUtil , 1670705412707569, 25
1, memUtil , 1670705412874695, 20
1, gpuUtil , 1670705412038356, 85
1, gpuUtil , 1670705412205588, 85
1, gpuUtil , 1670705412372867, 85
1, gpuUtil , 1670705412540243, 83
1, gpuUtil , 1670705412707569, 87
1, gpuUtil , 1670705412874695, 78
1, encUtil , 1670705412038356, 0
1, encUtil , 1670705412205588, 0
1, encUtil , 1670705412372867, 0
1, encUtil , 1670705412540243, 0
1, encUtil , 1670705412707569, 0
1, encUtil , 1670705412874695, 0
1, decUtil , 1670705412038356, 0
1, decUtil , 1670705412205588, 0
1, decUtil , 1670705412372867, 0
1, decUtil , 1670705412540243, 0
1, decUtil , 1670705412707569, 0
1, decUtil , 1670705412874695, 0
1, violPwr , 1670705412950266, 0
1, violThm , 1670705412950477, 0
1, pwrDraw , 1670705411988102, 123
1, pwrDraw , 1670705412008113, 152
1, pwrDraw , 1670705412028124, 172
1, pwrDraw , 1670705412048266, 176
1, pwrDraw , 1670705412068199, 174
1, pwrDraw , 1670705412088259, 173
1, pwrDraw , 1670705412108461, 174
1, pwrDraw , 1670705412128321, 177
1, pwrDraw , 1670705412148450, 176
1, pwrDraw , 1670705412168484, 99
1, pwrDraw , 1670705412188444, 84
1, pwrDraw , 1670705412208682, 81
1, pwrDraw , 1670705412228520, 79
1, pwrDraw , 1670705412248626, 79
1, pwrDraw , 1670705412268576, 79
1, pwrDraw , 1670705412288593, 132
1, pwrDraw , 1670705412308798, 127
1, pwrDraw , 1670705412328734, 134
1, pwrDraw , 1670705412348857, 169
1, pwrDraw , 1670705412368892, 176
1, pwrDraw , 1670705412388850, 174
1, pwrDraw , 1670705412408861, 173
1, pwrDraw , 1670705412428872, 173
1, pwrDraw , 1670705412449003, 176
1, pwrDraw , 1670705412468991, 180
1, pwrDraw , 1670705412489041, 112
1, pwrDraw , 1670705412509214, 86
1, pwrDraw , 1670705412529277, 81
1, pwrDraw , 1670705412549374, 80
1, pwrDraw , 1670705412569368, 79
1, pwrDraw , 1670705412589348, 80
1, pwrDraw , 1670705412609366, 105
1, pwrDraw , 1670705412629369, 130
1, pwrDraw , 1670705412649500, 122
1, pwrDraw , 1670705412669486, 162
1, pwrDraw , 1670705412689517, 175
1, pwrDraw , 1670705412709848, 175
1, pwrDraw , 1670705412729658, 174
1, pwrDraw , 1670705412749761, 173
1, pwrDraw , 1670705412769796, 176
1, pwrDraw , 1670705412789796, 179
1, pwrDraw , 1670705412809765, 129
1, pwrDraw , 1670705412829784, 90
1, pwrDraw , 1670705412849901, 82
1, pwrDraw , 1670705412869888, 80
1, pwrDraw , 1670705412889978, 79
1, pwrDraw , 1670705412910128, 79
1, pwrDraw , 1670705412930077, 79
1, pwrDraw , 1670705412950198, 134
1, pwrDraw , 1670705412970203, 123
1, pwrDraw , 1670705412990202, 155
1, pwrDraw , 1670705413010172, 174
1, pwrDraw , 1670705413030189, 176
1, pwrDraw , 1670705413050331, 174
1, pwrDraw , 1670705413070291, 173
1, pwrDraw , 1670705413090281, 174
1, pwrDraw , 1670705413110476, 178
1, pwrDraw , 1670705413130357, 162
1, pwrDraw , 1670705413150486, 96
1, pwrDraw , 1670705413170438, 83
1, pwrDraw , 1670705413190531, 81
1, pwrDraw , 1670705413210606, 79
1, pwrDraw , 1670705413230500, 79
1, pwrDraw , 1670705413250731, 80
1, pwrDraw , 1670705413270702, 139
1, pwrDraw , 1670705413290712, 125
1, pwrDraw , 1670705413310964, 149
1, pwrDraw , 1670705413330851, 171
1, pwrDraw , 1670705413350985, 176
1, pwrDraw , 1670705413370942, 174
1, pwrDraw , 1670705413391040, 174
1, pwrDraw , 1670705413410987, 174
1, pwrDraw , 1670705413430997, 177
1, pwrDraw , 1670705413451128, 181
1, pwrDraw , 1670705413471115, 105
1, pwrDraw , 1670705413491120, 85
1, pwrDraw , 1670705413511320, 81
1, pwrDraw , 1670705413531381, 79
1, pwrDraw , 1670705413551531, 79
1, pwrDraw , 1670705413571439, 80
1, pwrDraw , 1670705413591629, 122
1, pwrDraw , 1670705413611523, 129
1, pwrDraw , 1670705413631495, 125
1, pwrDraw , 1670705413651626, 166
1, pwrDraw , 1670705413671612, 176
1, pwrDraw , 1670705413691617, 175
1, pwrDraw , 1670705413711948, 174
1, pwrDraw , 1670705413731765, 174
1, pwrDraw , 1670705413751889, 176
1, pwrDraw , 1670705413771847, 180
1, pwrDraw , 1670705413792031, 118
1, pwrDraw , 1670705413811925, 88
1, pwrDraw , 1670705413831902, 82
1, pwrDraw , 1670705413852033, 80
1, pwrDraw , 1670705413872013, 79
1, pwrDraw , 1670705413892032, 80
1, pwrDraw , 1670705413912257, 95
1, pwrDraw , 1670705413932135, 133
1, pwrDraw , 1670705413952264, 122
1, temp    , 1670705413967626, 44
1, memUtil , 1670705413041983, 26
1, memUtil , 1670705413209196, 18
1, memUtil , 1670705413376524, 28
1, memUtil , 1670705413543930, 17
1, memUtil , 1670705413711235, 30
1, memUtil , 1670705413878382, 15
1, gpuUtil , 1670705413041983, 91
1, gpuUtil , 1670705413209196, 73
1, gpuUtil , 1670705413376524, 96
1, gpuUtil , 1670705413543930, 71
1, gpuUtil , 1670705413711235, 99
1, gpuUtil , 1670705413878382, 71
1, encUtil , 1670705413041983, 0
1, encUtil , 1670705413209196, 0
1, encUtil , 1670705413376524, 0
1, encUtil , 1670705413543930, 0
1, encUtil , 1670705413711235, 0
1, encUtil , 1670705413878382, 0
1, decUtil , 1670705413041983, 0
1, decUtil , 1670705413209196, 0
1, decUtil , 1670705413376524, 0
1, decUtil , 1670705413543930, 0
1, decUtil , 1670705413711235, 0
1, decUtil , 1670705413878382, 0
1, violPwr , 1670705413972536, 0
1, violThm , 1670705413972761, 0
1, pwrDraw , 1670705414393017, 175
1, pwrDraw , 1670705414413092, 178
1, pwrDraw , 1670705414433063, 177
1, pwrDraw , 1670705414453194, 101
1, pwrDraw , 1670705414473181, 84
1, pwrDraw , 1670705414493185, 81
1, pwrDraw , 1670705414513404, 79
1, pwrDraw , 1670705414533446, 80
1, pwrDraw , 1670705414553565, 80
1, pwrDraw , 1670705414573495, 135
1, pwrDraw , 1670705414593516, 127
1, pwrDraw , 1670705414613727, 138
1, pwrDraw , 1670705414633600, 170
1, pwrDraw , 1670705414653689, 177
1, pwrDraw , 1670705414673649, 175
1, pwrDraw , 1670705414693660, 174
1, pwrDraw , 1670705414713872, 174
1, pwrDraw , 1670705414733794, 177
1, pwrDraw , 1670705414753944, 181
1, pwrDraw , 1670705414773883, 110
1, pwrDraw , 1670705414793892, 87
1, pwrDraw , 1670705414814062, 82
1, pwrDraw , 1670705414833989, 80
1, pwrDraw , 1670705414854059, 80
1, pwrDraw , 1670705414874049, 80
1, pwrDraw , 1670705414894068, 112
1, pwrDraw , 1670705414914260, 131
1, pwrDraw , 1670705414934243, 122
1, pwrDraw , 1670705414954330, 164
1, pwrDraw , 1670705414974282, 176
1, pwrDraw , 1670705413972243, 159
1, pwrDraw , 1670705413992279, 175
1, pwrDraw , 1670705414012278, 176
1, pwrDraw , 1670705414032249, 174
1, pwrDraw , 1670705414052396, 174
1, pwrDraw , 1670705414072337, 176
1, pwrDraw , 1670705414092347, 179
1, pwrDraw , 1670705414112541, 140
1, pwrDraw , 1670705414132531, 92
1, pwrDraw , 1670705414152611, 83
1, pwrDraw , 1670705414172571, 81
1, pwrDraw , 1670705414192575, 79
1, pwrDraw , 1670705414212667, 80
1, pwrDraw , 1670705414232652, 80
1, pwrDraw , 1670705414252756, 137
1, pwrDraw , 1670705414272819, 124
1, pwrDraw , 1670705414292784, 153
1, pwrDraw , 1670705414312999, 173
1, pwrDraw , 1670705414332927, 177
1, pwrDraw , 1670705414353070, 175
1, temp    , 1670705414986790, 45
1, memUtil , 1670705414045608, 32
1, memUtil , 1670705414212833, 13
1, memUtil , 1670705414380150, 33
1, memUtil , 1670705414547556, 11
1, memUtil , 1670705414714782, 35
1, memUtil , 1670705414881978, 10
1, gpuUtil , 1670705414045608, 99
1, gpuUtil , 1670705414212833, 70
1, gpuUtil , 1670705414380150, 99
1, gpuUtil , 1670705414547556, 71
1, gpuUtil , 1670705414714782, 99
1, gpuUtil , 1670705414881978, 71
1, encUtil , 1670705414045608, 0
1, encUtil , 1670705414212833, 0
1, encUtil , 1670705414380150, 0
1, encUtil , 1670705414547556, 0
1, encUtil , 1670705414714782, 0
1, encUtil , 1670705414881978, 0
1, decUtil , 1670705414045608, 0
1, decUtil , 1670705414212833, 0
1, decUtil , 1670705414380150, 0
1, decUtil , 1670705414547556, 0
1, decUtil , 1670705414714782, 0
1, decUtil , 1670705414881978, 0
1, violPwr , 1670705414991696, 0
1, violThm , 1670705414992077, 0
1, pwrDraw , 1670705414393017, 175
1, pwrDraw , 1670705414413092, 178
1, pwrDraw , 1670705414433063, 177
1, pwrDraw , 1670705414453194, 101
1, pwrDraw , 1670705414473181, 84
1, pwrDraw , 1670705414493185, 81
1, pwrDraw , 1670705414513404, 79
1, pwrDraw , 1670705414533446, 80
1, pwrDraw , 1670705414553565, 80
1, pwrDraw , 1670705414573495, 135
1, pwrDraw , 1670705414593516, 127
1, pwrDraw , 1670705414613727, 138
1, pwrDraw , 1670705414633600, 170
1, pwrDraw , 1670705414653689, 177
1, pwrDraw , 1670705414673649, 175
1, pwrDraw , 1670705414693660, 174
1, pwrDraw , 1670705414713872, 174
1, pwrDraw , 1670705414733794, 177
1, pwrDraw , 1670705414753944, 181
1, pwrDraw , 1670705414773883, 110
1, pwrDraw , 1670705414793892, 87
1, pwrDraw , 1670705414814062, 82
1, pwrDraw , 1670705414833989, 80
1, pwrDraw , 1670705414854059, 80
1, pwrDraw , 1670705414874049, 80
1, pwrDraw , 1670705414894068, 112
1, pwrDraw , 1670705414914260, 131
1, pwrDraw , 1670705414934243, 122
1, pwrDraw , 1670705414954330, 164
1, pwrDraw , 1670705414974282, 176
1, pwrDraw , 1670705414994489, 176
1, pwrDraw , 1670705415014340, 174
1, pwrDraw , 1670705415034384, 174
1, pwrDraw , 1670705415054492, 177
1, pwrDraw , 1670705415074432, 180
1, pwrDraw , 1670705415094443, 128
1, pwrDraw , 1670705415120745, 89
1, pwrDraw , 1670705415136018, 82
1, pwrDraw , 1670705415156073, 79
1, pwrDraw , 1670705415175979, 78
1, pwrDraw , 1670705415195960, 79
1, pwrDraw , 1670705415215978, 94
1, pwrDraw , 1670705415236232, 129
1, pwrDraw , 1670705415256228, 120
1, pwrDraw , 1670705415276253, 157
1, pwrDraw , 1670705415296224, 172
1, pwrDraw , 1670705415316443, 172
1, pwrDraw , 1670705415336483, 170
1, pwrDraw , 1670705415356436, 170
1, pwrDraw , 1670705415376453, 172
1, pwrDraw , 1670705415396462, 176
1, pwrDraw , 1670705415416474, 139
1, pwrDraw , 1670705415436687, 92
1, pwrDraw , 1670705415456676, 82
1, pwrDraw , 1670705415476686, 80
1, pwrDraw , 1670705415496697, 78
1, pwrDraw , 1670705415516892, 79
1, pwrDraw , 1670705415537010, 79
1, pwrDraw , 1670705415556968, 134
1, pwrDraw , 1670705415577001, 121
1, pwrDraw , 1670705415596990, 149
1, pwrDraw , 1670705415616995, 169
1, pwrDraw , 1670705415637237, 173
1, pwrDraw , 1670705415657236, 171
1, pwrDraw , 1670705415677213, 170
1, pwrDraw , 1670705415697224, 171
1, pwrDraw , 1670705415717419, 174
1, pwrDraw , 1670705415737509, 175
1, pwrDraw , 1670705415757468, 99
1, pwrDraw , 1670705415777478, 84
1, pwrDraw , 1670705415797489, 80
1, pwrDraw , 1670705415817500, 78
1, pwrDraw , 1670705415837779, 79
1, pwrDraw , 1670705415857646, 79
1, pwrDraw , 1670705415877640, 131
1, pwrDraw , 1670705415897631, 126
1, pwrDraw , 1670705415917846, 132
1, pwrDraw , 1670705415937885, 165
1, pwrDraw , 1670705415957867, 173
1, pwrDraw , 1670705415977854, 171
1, pwrDraw , 1670705415997865, 170
1, temp    , 1670705416006404, 46
1, memUtil , 1670705415049264, 37
1, memUtil , 1670705415217750, 11
1, memUtil , 1670705415385156, 35
1, memUtil , 1670705415552591, 11
1, memUtil , 1670705415719907, 35
1, memUtil , 1670705415887103, 10
1, gpuUtil , 1670705415049264, 99
1, gpuUtil , 1670705415217750, 70
1, gpuUtil , 1670705415385156, 99
1, gpuUtil , 1670705415552591, 71
1, gpuUtil , 1670705415719907, 99
1, gpuUtil , 1670705415887103, 70
1, encUtil , 1670705415049264, 0
1, encUtil , 1670705415217750, 0
1, encUtil , 1670705415385156, 0
1, encUtil , 1670705415552591, 0
1, encUtil , 1670705415719907, 0
1, encUtil , 1670705415887103, 0
1, decUtil , 1670705415049264, 0
1, decUtil , 1670705415217750, 0
1, decUtil , 1670705415385156, 0
1, decUtil , 1670705415552591, 0
1, decUtil , 1670705415719907, 0
1, decUtil , 1670705415887103, 0
1, procClk , 1670705415124885, 1885
1, procClk , 1670705415126213, 1873
1, memClk  , 1670705415124885, 4513
1, memClk  , 1670705415126213, 4513
1, violPwr , 1670705416011322, 0
1, violThm , 1670705416011502, 0
1, pwrDraw , 1670705416799493, 79
1, pwrDraw , 1670705416819504, 79
1, pwrDraw , 1670705416839629, 79
1, pwrDraw , 1670705416859585, 134
1, pwrDraw , 1670705416879671, 125
1, pwrDraw , 1670705416899631, 136
1, pwrDraw , 1670705416919852, 166
1, pwrDraw , 1670705416939889, 173
1, pwrDraw , 1670705416959868, 171
1, pwrDraw , 1670705416979914, 170
1, pwrDraw , 1670705416999894, 171
1, pwrDraw , 1670705417019905, 174
1, pwrDraw , 1670705416017910, 170
1, pwrDraw , 1670705416037998, 173
1, pwrDraw , 1670705416058063, 177
1, pwrDraw , 1670705416078017, 114
1, pwrDraw , 1670705416098010, 86
1, pwrDraw , 1670705416118222, 81
1, pwrDraw , 1670705416138265, 79
1, pwrDraw , 1670705416158222, 79
1, pwrDraw , 1670705416178274, 79
1, pwrDraw , 1670705416198273, 97
1, pwrDraw , 1670705416218283, 129
1, pwrDraw , 1670705416238423, 120
1, pwrDraw , 1670705416258418, 158
1, pwrDraw , 1670705416278424, 172
1, pwrDraw , 1670705416298439, 172
1, pwrDraw , 1670705416318610, 170
1, pwrDraw , 1670705416338668, 170
1, pwrDraw , 1670705416358647, 172
1, pwrDraw , 1670705416378639, 176
1, pwrDraw , 1670705416398648, 137
1, pwrDraw , 1670705416418654, 91
1, pwrDraw , 1670705416438783, 82
1, pwrDraw , 1670705416458936, 80
1, pwrDraw , 1670705416478808, 78
1, pwrDraw , 1670705416498793, 79
1, pwrDraw , 1670705416519007, 79
1, pwrDraw , 1670705416539105, 134
1, pwrDraw , 1670705416559068, 122
1, pwrDraw , 1670705416579095, 152
1, pwrDraw , 1670705416599080, 170
1, pwrDraw , 1670705416619091, 173
1, pwrDraw , 1670705416639220, 171
1, pwrDraw , 1670705416659377, 170
1, pwrDraw , 1670705416679253, 171
1, pwrDraw , 1670705416699229, 175
1, pwrDraw , 1670705416719416, 171
1, pwrDraw , 1670705416739506, 98
1, pwrDraw , 1670705416759472, 83
1, temp    , 1670705417029499, 47
1, memUtil , 1670705416054428, 36
1, memUtil , 1670705416221615, 9
1, memUtil , 1670705416388901, 37
1, memUtil , 1670705416556285, 8
1, memUtil , 1670705416723473, 37
1, memUtil , 1670705416890669, 9
1, gpuUtil , 1670705416054428, 99
1, gpuUtil , 1670705416221615, 70
1, gpuUtil , 1670705416388901, 99
1, gpuUtil , 1670705416556285, 71
1, gpuUtil , 1670705416723473, 95
1, gpuUtil , 1670705416890669, 75
1, encUtil , 1670705416054428, 0
1, encUtil , 1670705416221615, 0
1, encUtil , 1670705416388901, 0
1, encUtil , 1670705416556285, 0
1, encUtil , 1670705416723473, 0
1, encUtil , 1670705416890669, 0
1, decUtil , 1670705416054428, 0
1, decUtil , 1670705416221615, 0
1, decUtil , 1670705416388901, 0
1, decUtil , 1670705416556285, 0
1, decUtil , 1670705416723473, 0
1, decUtil , 1670705416890669, 0
1, violPwr , 1670705417034398, 0
1, violThm , 1670705417034615, 0
1, pwrDraw , 1670705416799493, 79
1, pwrDraw , 1670705416819504, 79
1, pwrDraw , 1670705416839629, 79
1, pwrDraw , 1670705416859585, 134
1, pwrDraw , 1670705416879671, 125
1, pwrDraw , 1670705416899631, 136
1, pwrDraw , 1670705416919852, 166
1, pwrDraw , 1670705416939889, 173
1, pwrDraw , 1670705416959868, 171
1, pwrDraw , 1670705416979914, 170
1, pwrDraw , 1670705416999894, 171
1, pwrDraw , 1670705417019905, 174
1, pwrDraw , 1670705417040136, 177
1, pwrDraw , 1670705417060244, 110
1, pwrDraw , 1670705417080199, 86
1, pwrDraw , 1670705417100165, 81
1, pwrDraw , 1670705417120358, 79
1, pwrDraw , 1670705417140417, 79
1, pwrDraw , 1670705417160377, 79
1, pwrDraw , 1670705417180387, 105
1, pwrDraw , 1670705417200452, 129
1, pwrDraw , 1670705417220439, 120
1, pwrDraw , 1670705417240579, 159
1, pwrDraw , 1670705417260519, 172
1, pwrDraw , 1670705417280606, 173
1, pwrDraw , 1670705417300571, 171
1, pwrDraw , 1670705417320815, 170
1, pwrDraw , 1670705417340794, 172
1, pwrDraw , 1670705417360747, 176
1, pwrDraw , 1670705417380764, 133
1, pwrDraw , 1670705417400774, 90
1, pwrDraw , 1670705417420786, 82
1, pwrDraw , 1670705417440908, 80
1, pwrDraw , 1670705417460867, 79
1, pwrDraw , 1670705417481091, 79
1, pwrDraw , 1670705417500942, 79
1, pwrDraw , 1670705417521132, 133
1, pwrDraw , 1670705417541226, 122
1, pwrDraw , 1670705417561304, 152
1, pwrDraw , 1670705417581202, 171
1, pwrDraw , 1670705417601206, 173
1, pwrDraw , 1670705417621222, 171
1, pwrDraw , 1670705417641345, 170
1, pwrDraw , 1670705417661304, 172
1, pwrDraw , 1670705417681474, 175
1, pwrDraw , 1670705417701378, 170
1, pwrDraw , 1670705417721542, 98
1, pwrDraw , 1670705417741639, 84
1, pwrDraw , 1670705417761591, 81
1, pwrDraw , 1670705417781602, 79
1, pwrDraw , 1670705417801620, 79
1, pwrDraw , 1670705417821630, 79
1, pwrDraw , 1670705417841752, 136
1, pwrDraw , 1670705417861705, 124
1, pwrDraw , 1670705417881716, 143
1, pwrDraw , 1670705417901826, 168
1, pwrDraw , 1670705417921957, 174
1, pwrDraw , 1670705417942019, 172
1, pwrDraw , 1670705417961974, 171
1, pwrDraw , 1670705417981985, 171
1, pwrDraw , 1670705418002071, 174
1, pwrDraw , 1670705418022037, 177
1, pwrDraw , 1670705418042159, 107
1, temp    , 1670705418050403, 47
1, memUtil , 1670705417058152, 36
1, memUtil , 1670705417225331, 11
1, memUtil , 1670705417392587, 34
1, memUtil , 1670705417559982, 14
1, memUtil , 1670705417727159, 30
1, memUtil , 1670705417894354, 16
1, gpuUtil , 1670705417058152, 90
1, gpuUtil , 1670705417225331, 80
1, gpuUtil , 1670705417392587, 86
1, gpuUtil , 1670705417559982, 84
1, gpuUtil , 1670705417727159, 85
1, gpuUtil , 1670705417894354, 85
1, encUtil , 1670705417058152, 0
1, encUtil , 1670705417225331, 0
1, encUtil , 1670705417392587, 0
1, encUtil , 1670705417559982, 0
1, encUtil , 1670705417727159, 0
1, encUtil , 1670705417894354, 0
1, decUtil , 1670705417058152, 0
1, decUtil , 1670705417225331, 0
1, decUtil , 1670705417392587, 0
1, decUtil , 1670705417559982, 0
1, decUtil , 1670705417727159, 0
1, decUtil , 1670705417894354, 0
1, violPwr , 1670705418056344, 0
1, violThm , 1670705418056592, 0
1, pwrDraw , 1670705418062257, 85
1, pwrDraw , 1670705418082128, 81
1, pwrDraw , 1670705418102193, 79
1, pwrDraw , 1670705418122364, 79
1, pwrDraw , 1670705418142423, 79
1, pwrDraw , 1670705418162383, 113
1, pwrDraw , 1670705418182424, 129
1, pwrDraw , 1670705418202427, 121
1, pwrDraw , 1670705418222519, 162
1, pwrDraw , 1670705418242614, 173
1, pwrDraw , 1670705418262556, 172
1, pwrDraw , 1670705418282566, 171
1, pwrDraw , 1670705418302689, 171
1, pwrDraw , 1670705418322834, 173
1, pwrDraw , 1670705418342991, 177
1, pwrDraw , 1670705418362910, 126
1, pwrDraw , 1670705418382920, 89
1, pwrDraw , 1670705418402931, 82
1, pwrDraw , 1670705418422935, 80
1, pwrDraw , 1670705418443063, 79
1, pwrDraw , 1670705418463024, 79
1, pwrDraw , 1670705418483033, 79
1, pwrDraw , 1670705418503125, 132
1, pwrDraw , 1670705418523344, 121
1, pwrDraw , 1670705418543346, 154
1, pwrDraw , 1670705418563286, 171
1, pwrDraw , 1670705418583300, 174
1, pwrDraw , 1670705418603307, 171
1, pwrDraw , 1670705418623318, 171
1, pwrDraw , 1670705418643440, 172
1, pwrDraw , 1670705418663399, 176
1, pwrDraw , 1670705418683404, 155
1, pwrDraw , 1670705418703415, 95
1, pwrDraw , 1670705418723645, 83
1, pwrDraw , 1670705418743674, 81
1, pwrDraw , 1670705418763634, 79
1, pwrDraw , 1670705418783644, 79
1, pwrDraw , 1670705418803648, 79
1, pwrDraw , 1670705418823666, 138
1, pwrDraw , 1670705418843787, 124
1, pwrDraw , 1670705418863746, 146
1, pwrDraw , 1670705418883757, 168
1, pwrDraw , 1670705418903771, 174
1, pwrDraw , 1670705418923992, 172
1, pwrDraw , 1670705418943991, 171
1, pwrDraw , 1670705418963944, 171
1, pwrDraw , 1670705418983961, 174
1, pwrDraw , 1670705419003965, 178
1, pwrDraw , 1670705419024028, 106
1, pwrDraw , 1670705419044107, 85
1, pwrDraw , 1670705419064064, 81
1, temp    , 1670705419075343, 47
1, memUtil , 1670705418061690, 28
1, memUtil , 1670705418228926, 18
1, memUtil , 1670705418396302, 27
1, memUtil , 1670705418563588, 20
1, memUtil , 1670705418730754, 25
1, memUtil , 1670705418897920, 21
1, memUtil , 1670705419065146, 23
1, gpuUtil , 1670705418061690, 85
1, gpuUtil , 1670705418228926, 85
1, gpuUtil , 1670705418396302, 85
1, gpuUtil , 1670705418563588, 85
1, gpuUtil , 1670705418730754, 85
1, gpuUtil , 1670705418897920, 85
1, gpuUtil , 1670705419065146, 85
1, encUtil , 1670705418061690, 0
1, encUtil , 1670705418228926, 0
1, encUtil , 1670705418396302, 0
1, encUtil , 1670705418563588, 0
1, encUtil , 1670705418730754, 0
1, encUtil , 1670705418897920, 0
1, encUtil , 1670705419065146, 0
1, decUtil , 1670705418061690, 0
1, decUtil , 1670705418228926, 0
1, decUtil , 1670705418396302, 0
1, decUtil , 1670705418563588, 0
1, decUtil , 1670705418730754, 0
1, decUtil , 1670705418897920, 0
1, decUtil , 1670705419065146, 0
1, violPwr , 1670705419081255, 0
1, violThm , 1670705419081637, 0
1, pwrDraw , 1670705419204312, 161
1, pwrDraw , 1670705419224323, 173
1, pwrDraw , 1670705419244564, 173
1, pwrDraw , 1670705419264524, 171
1, pwrDraw , 1670705419284535, 171
1, pwrDraw , 1670705419304552, 173
1, pwrDraw , 1670705419324961, 177
1, pwrDraw , 1670705419344778, 127
1, pwrDraw , 1670705419364792, 89
1, pwrDraw , 1670705419384795, 82
1, pwrDraw , 1670705419404780, 80
1, pwrDraw , 1670705419424790, 79
1, pwrDraw , 1670705419444921, 80
1, pwrDraw , 1670705419464878, 79
1, pwrDraw , 1670705419484888, 133
1, pwrDraw , 1670705419504919, 122
1, pwrDraw , 1670705419525331, 154
1, pwrDraw , 1670705419545236, 172
1, pwrDraw , 1670705419565202, 174
1, pwrDraw , 1670705419585211, 171
1, pwrDraw , 1670705419605244, 171
1, pwrDraw , 1670705419625227, 172
1, pwrDraw , 1670705419645356, 176
1, pwrDraw , 1670705419665309, 158
1, pwrDraw , 1670705419685319, 96
1, pwrDraw , 1670705419705330, 83
1, pwrDraw , 1670705419725532, 81
1, pwrDraw , 1670705419745697, 79
1, pwrDraw , 1670705419765693, 80
1, pwrDraw , 1670705419785703, 80
1, pwrDraw , 1670705419805720, 137
1, pwrDraw , 1670705419825730, 124
1, pwrDraw , 1670705419845853, 145
1, pwrDraw , 1670705419865806, 168
1, pwrDraw , 1670705419885844, 174
1, pwrDraw , 1670705419905832, 172
1, pwrDraw , 1670705419926029, 171
1, pwrDraw , 1670705419946188, 171
1, pwrDraw , 1670705419966106, 175
1, pwrDraw , 1670705419986110, 178
1, pwrDraw , 1670705420006121, 105
1, pwrDraw , 1670705420026157, 85
1, pwrDraw , 1670705420046312, 81
1, pwrDraw , 1670705420066310, 79
1, pwrDraw , 1670705420086323, 79
1, pwrDraw , 1670705419084204, 79
1, pwrDraw , 1670705419104109, 79
1, pwrDraw , 1670705419124340, 80
1, pwrDraw , 1670705419144356, 110
1, pwrDraw , 1670705419164297, 130
1, temp    , 1670705420098529, 47
1, memUtil , 1670705419232342, 23
1, memUtil , 1670705419399718, 22
1, memUtil , 1670705419567064, 24
1, memUtil , 1670705419734289, 21
1, memUtil , 1670705419901546, 26
1, memUtil , 1670705420068952, 19
1, gpuUtil , 1670705419232342, 84
1, gpuUtil , 1670705419399718, 83
1, gpuUtil , 1670705419567064, 86
1, gpuUtil , 1670705419734289, 79
1, gpuUtil , 1670705419901546, 91
1, gpuUtil , 1670705420068952, 74
1, encUtil , 1670705419232342, 0
1, encUtil , 1670705419399718, 0
1, encUtil , 1670705419567064, 0
1, encUtil , 1670705419734289, 0
1, encUtil , 1670705419901546, 0
1, encUtil , 1670705420068952, 0
1, decUtil , 1670705419232342, 0
1, decUtil , 1670705419399718, 0
1, decUtil , 1670705419567064, 0
1, decUtil , 1670705419734289, 0
1, decUtil , 1670705419901546, 0
1, decUtil , 1670705420068952, 0
1, violPwr , 1670705420104406, 0
1, violThm , 1670705420104758, 0
1, pwrDraw , 1670705419204312, 161
1, pwrDraw , 1670705419224323, 173
1, pwrDraw , 1670705419244564, 173
1, pwrDraw , 1670705419264524, 171
1, pwrDraw , 1670705419284535, 171
1, pwrDraw , 1670705419304552, 173
1, pwrDraw , 1670705419324961, 177
1, pwrDraw , 1670705419344778, 127
1, pwrDraw , 1670705419364792, 89
1, pwrDraw , 1670705419384795, 82
1, pwrDraw , 1670705419404780, 80
1, pwrDraw , 1670705419424790, 79
1, pwrDraw , 1670705419444921, 80
1, pwrDraw , 1670705419464878, 79
1, pwrDraw , 1670705419484888, 133
1, pwrDraw , 1670705419504919, 122
1, pwrDraw , 1670705419525331, 154
1, pwrDraw , 1670705419545236, 172
1, pwrDraw , 1670705419565202, 174
1, pwrDraw , 1670705419585211, 171
1, pwrDraw , 1670705419605244, 171
1, pwrDraw , 1670705419625227, 172
1, pwrDraw , 1670705419645356, 176
1, pwrDraw , 1670705419665309, 158
1, pwrDraw , 1670705419685319, 96
1, pwrDraw , 1670705419705330, 83
1, pwrDraw , 1670705419725532, 81
1, pwrDraw , 1670705419745697, 79
1, pwrDraw , 1670705419765693, 80
1, pwrDraw , 1670705419785703, 80
1, pwrDraw , 1670705419805720, 137
1, pwrDraw , 1670705419825730, 124
1, pwrDraw , 1670705419845853, 145
1, pwrDraw , 1670705419865806, 168
1, pwrDraw , 1670705419885844, 174
1, pwrDraw , 1670705419905832, 172
1, pwrDraw , 1670705419926029, 171
1, pwrDraw , 1670705419946188, 171
1, pwrDraw , 1670705419966106, 175
1, pwrDraw , 1670705419986110, 178
1, pwrDraw , 1670705420006121, 105
1, pwrDraw , 1670705420026157, 85
1, pwrDraw , 1670705420046312, 81
1, pwrDraw , 1670705420066310, 79
1, pwrDraw , 1670705420086323, 79
1, pwrDraw , 1670705420106529, 80
1, pwrDraw , 1670705420126526, 118
1, pwrDraw , 1670705420146734, 128
1, pwrDraw , 1670705420166666, 123
1, pwrDraw , 1670705420186643, 162
1, pwrDraw , 1670705420206655, 174
1, pwrDraw , 1670705420226664, 173
1, pwrDraw , 1670705420246806, 171
1, pwrDraw , 1670705420266912, 171
1, pwrDraw , 1670705420286787, 174
1, pwrDraw , 1670705420306799, 177
1, pwrDraw , 1670705420326993, 123
1, pwrDraw , 1670705420347242, 89
1, pwrDraw , 1670705420367073, 82
1, pwrDraw , 1670705420387204, 80
1, pwrDraw , 1670705420407055, 79
1, pwrDraw , 1670705420427073, 80
1, pwrDraw , 1670705420447195, 80
1, pwrDraw , 1670705420467154, 132
1, pwrDraw , 1670705420487165, 122
1, pwrDraw , 1670705420507169, 154
1, pwrDraw , 1670705420527417, 172
1, pwrDraw , 1670705420547477, 174
1, pwrDraw , 1670705420567471, 171
1, pwrDraw , 1670705420587451, 171
1, pwrDraw , 1670705420607470, 172
1, pwrDraw , 1670705420627479, 176
1, pwrDraw , 1670705420647603, 156
1, pwrDraw , 1670705420667606, 96
1, pwrDraw , 1670705420687602, 84
1, pwrDraw , 1670705420707612, 81
1, pwrDraw , 1670705420727821, 79
1, pwrDraw , 1670705420747888, 80
1, pwrDraw , 1670705420767912, 80
1, pwrDraw , 1670705420787888, 138
1, pwrDraw , 1670705420807899, 123
1, pwrDraw , 1670705420827916, 146
1, pwrDraw , 1670705420848032, 169
1, pwrDraw , 1670705420868028, 174
1, pwrDraw , 1670705420888039, 172
1, pwrDraw , 1670705420908188, 171
1, pwrDraw , 1670705420928244, 172
1, pwrDraw , 1670705420948303, 175
1, pwrDraw , 1670705420968315, 178
1, pwrDraw , 1670705420988302, 106
1, pwrDraw , 1670705421008313, 86
1, pwrDraw , 1670705421028292, 81
1, pwrDraw , 1670705421048428, 80
1, pwrDraw , 1670705421068480, 79
1, pwrDraw , 1670705421088439, 80
1, pwrDraw , 1670705421108456, 114
1, temp    , 1670705421127251, 47
1, memUtil , 1670705420236298, 28
1, memUtil , 1670705420403621, 17
1, memUtil , 1670705420570870, 29
1, memUtil , 1670705420738157, 16
1, memUtil , 1670705420905389, 31
1, memUtil , 1670705421072637, 14
1, gpuUtil , 1670705420236298, 96
1, gpuUtil , 1670705420403621, 70
1, gpuUtil , 1670705420570870, 99
1, gpuUtil , 1670705420738157, 70
1, gpuUtil , 1670705420905389, 99
1, gpuUtil , 1670705421072637, 70
1, encUtil , 1670705420236298, 0
1, encUtil , 1670705420403621, 0
1, encUtil , 1670705420570870, 0
1, encUtil , 1670705420738157, 0
1, encUtil , 1670705420905389, 0
1, encUtil , 1670705421072637, 0
1, decUtil , 1670705420236298, 0
1, decUtil , 1670705420403621, 0
1, decUtil , 1670705420570870, 0
1, decUtil , 1670705420738157, 0
1, decUtil , 1670705420905389, 0
1, decUtil , 1670705421072637, 0
1, violPwr , 1670705421132165, 0
1, violThm , 1670705421132371, 0
1, pwrDraw , 1670705421609564, 177
1, pwrDraw , 1670705421629575, 157
1, pwrDraw , 1670705421649691, 96
1, pwrDraw , 1670705421669680, 84
1, pwrDraw , 1670705421689697, 81
1, pwrDraw , 1670705421709708, 79
1, pwrDraw , 1670705421729903, 80
1, pwrDraw , 1670705421749992, 80
1, pwrDraw , 1670705421769949, 137
1, pwrDraw , 1670705421790024, 124
1, pwrDraw , 1670705421810001, 144
1, pwrDraw , 1670705421830003, 169
1, pwrDraw , 1670705421850131, 174
1, pwrDraw , 1670705421870123, 172
1, pwrDraw , 1670705421890134, 172
1, pwrDraw , 1670705421910252, 172
1, pwrDraw , 1670705421930340, 175
1, pwrDraw , 1670705421950419, 179
1, pwrDraw , 1670705421970351, 106
1, pwrDraw , 1670705421990443, 86
1, pwrDraw , 1670705422010400, 81
1, pwrDraw , 1670705422030413, 80
1, pwrDraw , 1670705422050544, 80
1, pwrDraw , 1670705422070531, 80
1, pwrDraw , 1670705422090635, 118
1, pwrDraw , 1670705422110582, 129
1, pwrDraw , 1670705422130792, 123
1, pwrDraw , 1670705421128652, 130
1, pwrDraw , 1670705421148758, 121
1, pwrDraw , 1670705421168915, 162
1, pwrDraw , 1670705421188775, 174
1, pwrDraw , 1670705421208750, 173
1, pwrDraw , 1670705421228761, 172
1, pwrDraw , 1670705421248903, 171
1, pwrDraw , 1670705421268842, 174
1, pwrDraw , 1670705421288893, 177
1, pwrDraw , 1670705421308857, 127
1, pwrDraw , 1670705421329073, 90
1, pwrDraw , 1670705421349119, 82
1, pwrDraw , 1670705421369233, 80
1, pwrDraw , 1670705421389144, 79
1, pwrDraw , 1670705421409446, 80
1, pwrDraw , 1670705421429170, 80
1, pwrDraw , 1670705421449293, 132
1, pwrDraw , 1670705421469249, 122
1, pwrDraw , 1670705421489260, 155
1, pwrDraw , 1670705421509270, 172
1, pwrDraw , 1670705421529506, 174
1, pwrDraw , 1670705421549555, 172
1, pwrDraw , 1670705421569513, 171
1, temp    , 1670705422148673, 48
1, memUtil , 1670705421239954, 32
1, memUtil , 1670705421407278, 13
1, memUtil , 1670705421574525, 34
1, memUtil , 1670705421741813, 11
1, memUtil , 1670705421909027, 35
1, memUtil , 1670705422076293, 10
1, gpuUtil , 1670705421239954, 99
1, gpuUtil , 1670705421407278, 71
1, gpuUtil , 1670705421574525, 99
1, gpuUtil , 1670705421741813, 71
1, gpuUtil , 1670705421909027, 99
1, gpuUtil , 1670705422076293, 71
1, encUtil , 1670705421239954, 0
1, encUtil , 1670705421407278, 0
1, encUtil , 1670705421574525, 0
1, encUtil , 1670705421741813, 0
1, encUtil , 1670705421909027, 0
1, encUtil , 1670705422076293, 0
1, decUtil , 1670705421239954, 0
1, decUtil , 1670705421407278, 0
1, decUtil , 1670705421574525, 0
1, decUtil , 1670705421741813, 0
1, decUtil , 1670705421909027, 0
1, decUtil , 1670705422076293, 0
1, violPwr , 1670705422153567, 0
1, violThm , 1670705422153783, 0
1, pwrDraw , 1670705421609564, 177
1, pwrDraw , 1670705421629575, 157
1, pwrDraw , 1670705421649691, 96
1, pwrDraw , 1670705421669680, 84
1, pwrDraw , 1670705421689697, 81
1, pwrDraw , 1670705421709708, 79
1, pwrDraw , 1670705421729903, 80
1, pwrDraw , 1670705421749992, 80
1, pwrDraw , 1670705421769949, 137
1, pwrDraw , 1670705421790024, 124
1, pwrDraw , 1670705421810001, 144
1, pwrDraw , 1670705421830003, 169
1, pwrDraw , 1670705421850131, 174
1, pwrDraw , 1670705421870123, 172
1, pwrDraw , 1670705421890134, 172
1, pwrDraw , 1670705421910252, 172
1, pwrDraw , 1670705421930340, 175
1, pwrDraw , 1670705421950419, 179
1, pwrDraw , 1670705421970351, 106
1, pwrDraw , 1670705421990443, 86
1, pwrDraw , 1670705422010400, 81
1, pwrDraw , 1670705422030413, 80
1, pwrDraw , 1670705422050544, 80
1, pwrDraw , 1670705422070531, 80
1, pwrDraw , 1670705422090635, 118
1, pwrDraw , 1670705422110582, 129
1, pwrDraw , 1670705422130792, 123
1, pwrDraw , 1670705422150835, 163
1, pwrDraw , 1670705422170869, 174
1, pwrDraw , 1670705422190863, 173
1, pwrDraw , 1670705422210879, 172
1, pwrDraw , 1670705422230856, 171
1, pwrDraw , 1670705422251026, 174
1, pwrDraw , 1670705422270939, 178
1, pwrDraw , 1670705422290942, 123
1, pwrDraw , 1670705422310992, 89
1, pwrDraw , 1670705422331154, 82
1, pwrDraw , 1670705422351212, 80
1, pwrDraw , 1670705422371165, 79
1, pwrDraw , 1670705422391176, 80
1, pwrDraw , 1670705422411404, 82
1, pwrDraw , 1670705422431234, 133
1, pwrDraw , 1670705422451437, 121
1, pwrDraw , 1670705422471435, 155
1, pwrDraw , 1670705422491445, 172
1, pwrDraw , 1670705422511450, 174
1, pwrDraw , 1670705422531699, 172
1, pwrDraw , 1670705422551741, 171
1, pwrDraw , 1670705422571698, 173
1, pwrDraw , 1670705422591712, 177
1, pwrDraw , 1670705422611783, 156
1, pwrDraw , 1670705422631754, 95
1, pwrDraw , 1670705422651879, 84
1, pwrDraw , 1670705422671872, 81
1, pwrDraw , 1670705422691882, 79
1, pwrDraw , 1670705422711895, 80
1, pwrDraw , 1670705422732103, 80
1, pwrDraw , 1670705422752177, 138
1, pwrDraw , 1670705422772129, 124
1, pwrDraw , 1670705422792146, 147
1, pwrDraw , 1670705422812220, 169
1, pwrDraw , 1670705422832198, 175
1, pwrDraw , 1670705422852319, 172
1, pwrDraw , 1670705422872303, 172
1, pwrDraw , 1670705422892319, 172
1, pwrDraw , 1670705422912330, 175
1, pwrDraw , 1670705422932557, 179
1, pwrDraw , 1670705422952613, 105
1, pwrDraw , 1670705422972574, 86
1, pwrDraw , 1670705422992577, 82
1, pwrDraw , 1670705423012789, 80
1, pwrDraw , 1670705423032668, 80
1, pwrDraw , 1670705423052754, 80
1, pwrDraw , 1670705423072740, 122
1, pwrDraw , 1670705423092755, 128
1, pwrDraw , 1670705423112831, 124
1, pwrDraw , 1670705423133012, 164
1, pwrDraw , 1670705423153051, 174
1, temp    , 1670705423167881, 49
1, memUtil , 1670705422243609, 37
1, memUtil , 1670705422410885, 10
1, memUtil , 1670705422578241, 37
1, memUtil , 1670705422745559, 12
1, memUtil , 1670705422912723, 35
1, memUtil , 1670705423080069, 11
1, gpuUtil , 1670705422243609, 99
1, gpuUtil , 1670705422410885, 70
1, gpuUtil , 1670705422578241, 99
1, gpuUtil , 1670705422745559, 71
1, gpuUtil , 1670705422912723, 99
1, gpuUtil , 1670705423080069, 71
1, encUtil , 1670705422243609, 0
1, encUtil , 1670705422410885, 0
1, encUtil , 1670705422578241, 0
1, encUtil , 1670705422745559, 0
1, encUtil , 1670705422912723, 0
1, encUtil , 1670705423080069, 0
1, decUtil , 1670705422243609, 0
1, decUtil , 1670705422410885, 0
1, decUtil , 1670705422578241, 0
1, decUtil , 1670705422745559, 0
1, decUtil , 1670705422912723, 0
1, decUtil , 1670705423080069, 0
1, violPwr , 1670705423172782, 0
1, violThm , 1670705423173038, 0
1, pwrDraw , 1670705424014684, 80
1, pwrDraw , 1670705424034915, 80
1, pwrDraw , 1670705424054901, 126
1, pwrDraw , 1670705424074866, 128
1, pwrDraw , 1670705424094902, 130
1, pwrDraw , 1670705424114894, 116
1, pwrDraw , 1670705424135120, 88
1, pwrDraw , 1670705424155116, 83
1, pwrDraw , 1670705424175076, 81
1, pwrDraw , 1670705423173170, 173
1, pwrDraw , 1670705423193094, 172
1, pwrDraw , 1670705423213252, 172
1, pwrDraw , 1670705423233108, 174
1, pwrDraw , 1670705423253241, 178
1, pwrDraw , 1670705423273148, 121
1, pwrDraw , 1670705423293186, 89
1, pwrDraw , 1670705423313170, 82
1, pwrDraw , 1670705423333421, 80
1, pwrDraw , 1670705423353398, 79
1, pwrDraw , 1670705423373358, 80
1, pwrDraw , 1670705423393368, 86
1, pwrDraw , 1670705423413379, 132
1, pwrDraw , 1670705423433473, 122
1, pwrDraw , 1670705423453521, 156
1, pwrDraw , 1670705423473556, 173
1, pwrDraw , 1670705423493542, 174
1, pwrDraw , 1670705423513546, 172
1, pwrDraw , 1670705423533767, 172
1, pwrDraw , 1670705423553837, 173
1, pwrDraw , 1670705423573795, 177
1, pwrDraw , 1670705423593804, 150
1, pwrDraw , 1670705423613810, 94
1, pwrDraw , 1670705423633891, 84
1, pwrDraw , 1670705423653976, 81
1, pwrDraw , 1670705423673968, 80
1, pwrDraw , 1670705423693980, 80
1, pwrDraw , 1670705423713983, 80
1, pwrDraw , 1670705423734185, 138
1, pwrDraw , 1670705423754274, 124
1, pwrDraw , 1670705423774226, 150
1, pwrDraw , 1670705423794243, 170
1, pwrDraw , 1670705423814254, 175
1, pwrDraw , 1670705423834327, 173
1, pwrDraw , 1670705423854419, 172
1, pwrDraw , 1670705423874406, 172
1, pwrDraw , 1670705423894437, 176
1, pwrDraw , 1670705423914421, 179
1, pwrDraw , 1670705423934652, 103
1, pwrDraw , 1670705423954709, 85
1, pwrDraw , 1670705423974670, 82
1, temp    , 1670705424186900, 48
1, memUtil , 1670705423247386, 36
1, memUtil , 1670705423414551, 10
1, memUtil , 1670705423581897, 37
1, memUtil , 1670705423749215, 9
1, memUtil , 1670705423916379, 37
1, memUtil , 1670705424083755, 8
1, gpuUtil , 1670705423247386, 99
1, gpuUtil , 1670705423414551, 70
1, gpuUtil , 1670705423581897, 99
1, gpuUtil , 1670705423749215, 71
1, gpuUtil , 1670705423916379, 97
1, gpuUtil , 1670705424083755, 73
1, encUtil , 1670705423247386, 0
1, encUtil , 1670705423414551, 0
1, encUtil , 1670705423581897, 0
1, encUtil , 1670705423749215, 0
1, encUtil , 1670705423916379, 0
1, encUtil , 1670705424083755, 0
1, decUtil , 1670705423247386, 0
1, decUtil , 1670705423414551, 0
1, decUtil , 1670705423581897, 0
1, decUtil , 1670705423749215, 0
1, decUtil , 1670705423916379, 0
1, decUtil , 1670705424083755, 0
1, violPwr , 1670705424191552, 0
1, violThm , 1670705424191836, 0
1, pwrDraw , 1670705424014684, 80
1, pwrDraw , 1670705424034915, 80
1, pwrDraw , 1670705424054901, 126
1, pwrDraw , 1670705424074866, 128
1, pwrDraw , 1670705424094902, 130
1, pwrDraw , 1670705424114894, 116
1, pwrDraw , 1670705424135120, 88
1, pwrDraw , 1670705424155116, 83
1, pwrDraw , 1670705424175076, 81
1, pwrDraw , 1670705424195162, 80
1, pwrDraw , 1670705424215128, 79
1, pwrDraw , 1670705424235270, 79
1, pwrDraw , 1670705424255310, 79
1, pwrDraw , 1670705424275310, 79
1, pwrDraw , 1670705424295341, 79
1, pwrDraw , 1670705424315331, 79
1, pwrDraw , 1670705424335545, 79
1, pwrDraw , 1670705424355648, 79
1, pwrDraw , 1670705424375597, 79
1, pwrDraw , 1670705424395608, 79
1, pwrDraw , 1670705424415626, 79
1, pwrDraw , 1670705424435629, 79
1, pwrDraw , 1670705424455870, 78
1, pwrDraw , 1670705424475801, 79
1, pwrDraw , 1670705424495861, 79
1, pwrDraw , 1670705424515828, 79
1, pwrDraw , 1670705424536045, 79
1, pwrDraw , 1670705424556112, 78
1, pwrDraw , 1670705424576070, 79
1, pwrDraw , 1670705424596084, 78
1, pwrDraw , 1670705424616086, 79
1, pwrDraw , 1670705424636096, 78
1, pwrDraw , 1670705424656335, 78
1, pwrDraw , 1670705424676297, 78
1, pwrDraw , 1670705424696308, 78
1, pwrDraw , 1670705424716326, 78
1, pwrDraw , 1670705424736520, 78
1, pwrDraw , 1670705424756576, 78
1, pwrDraw , 1670705424776583, 78
1, pwrDraw , 1670705424796572, 78
1, pwrDraw , 1670705424816583, 78
1, pwrDraw , 1670705424836601, 78
1, pwrDraw , 1670705424856941, 78
1, pwrDraw , 1670705424876826, 78
1, pwrDraw , 1670705424896812, 78
1, pwrDraw , 1670705424916822, 78
1, pwrDraw , 1670705424937047, 78
1, pwrDraw , 1670705424957108, 78
1, pwrDraw , 1670705424977094, 78
1, pwrDraw , 1670705424997125, 78
1, pwrDraw , 1670705425017117, 78
1, pwrDraw , 1670705425037146, 78
1, pwrDraw , 1670705425057388, 78
1, pwrDraw , 1670705425077273, 78
1, pwrDraw , 1670705425097249, 78
1, pwrDraw , 1670705425117260, 78
1, pwrDraw , 1670705425137454, 78
1, pwrDraw , 1670705425157627, 82
1, pwrDraw , 1670705425177503, 84
1, pwrDraw , 1670705425197512, 84
1, temp    , 1670705425209712, 46
1, memUtil , 1670705424251013, 6
1, memUtil , 1670705424418357, 0
1, memUtil , 1670705424585733, 0
1, memUtil , 1670705424753178, 0
1, memUtil , 1670705424920334, 0
1, memUtil , 1670705425087679, 0
1, gpuUtil , 1670705424251013, 52
1, gpuUtil , 1670705424418357, 0
1, gpuUtil , 1670705424585733, 0
1, gpuUtil , 1670705424753178, 0
1, gpuUtil , 1670705424920334, 0
1, gpuUtil , 1670705425087679, 0
1, encUtil , 1670705424251013, 0
1, encUtil , 1670705424418357, 0
1, encUtil , 1670705424585733, 0
1, encUtil , 1670705424753178, 0
1, encUtil , 1670705424920334, 0
1, encUtil , 1670705425087679, 0
1, decUtil , 1670705424251013, 0
1, decUtil , 1670705424418357, 0
1, decUtil , 1670705424585733, 0
1, decUtil , 1670705424753178, 0
1, decUtil , 1670705424920334, 0
1, decUtil , 1670705425087679, 0
1, procClk , 1670705425221482, 1873
1, procClk , 1670705425222529, 1873
1, memClk  , 1670705425221482, 4513
1, memClk  , 1670705425222529, 5005
1, memClk  , 1670705425223175, 5005
1, violPwr , 1670705425223810, 0
1, violThm , 1670705425224068, 0
1, pwrDraw , 1670705425223147, 81
1, pwrDraw , 1670705425240742, 80
1, pwrDraw , 1670705425260724, 81
1, pwrDraw , 1670705425280773, 81
1, pwrDraw , 1670705425300760, 81
1, pwrDraw , 1670705425320769, 81
1, pwrDraw , 1670705425341011, 81
1, pwrDraw , 1670705425360937, 81
1, pwrDraw , 1670705425381027, 81
1, pwrDraw , 1670705425400993, 81
1, pwrDraw , 1670705425421004, 81
1, pwrDraw , 1670705425441171, 81
1, pwrDraw , 1670705425461085, 81
1, pwrDraw , 1670705425481152, 81
1, pwrDraw , 1670705425501132, 81
1, pwrDraw , 1670705425521175, 81
1, pwrDraw , 1670705425541371, 81
1, pwrDraw , 1670705425561404, 81
1, pwrDraw , 1670705425581389, 81
1, pwrDraw , 1670705425601400, 81
1, pwrDraw , 1670705425621411, 81
1, pwrDraw , 1670705425641538, 81
1, pwrDraw , 1670705425661492, 81
1, pwrDraw , 1670705425681575, 81
1, pwrDraw , 1670705425701543, 81
1, pwrDraw , 1670705425721553, 81
1, pwrDraw , 1670705425741793, 81
1, pwrDraw , 1670705425761841, 81
1, pwrDraw , 1670705425781735, 81
1, pwrDraw , 1670705425801747, 81
1, pwrDraw , 1670705425821757, 81
1, pwrDraw , 1670705425841885, 81
1, pwrDraw , 1670705425861838, 81
1, pwrDraw , 1670705425881926, 81
1, pwrDraw , 1670705425901891, 81
1, pwrDraw , 1670705425921900, 81
1, pwrDraw , 1670705425942134, 81
1, pwrDraw , 1670705425962074, 81
1, pwrDraw , 1670705425982078, 81
1, pwrDraw , 1670705426002089, 81
1, pwrDraw , 1670705426022104, 81
1, pwrDraw , 1670705426042231, 81
1, pwrDraw , 1670705426062182, 81
1, pwrDraw , 1670705426082272, 81
1, pwrDraw , 1670705426102291, 81
1, pwrDraw , 1670705426122243, 81
1, pwrDraw , 1670705426142489, 81
1, pwrDraw , 1670705426162420, 81
1, pwrDraw , 1670705426182616, 81
1, pwrDraw , 1670705426202441, 81
1, pwrDraw , 1670705426222444, 81
1, pwrDraw , 1670705426242578, 81
1, temp    , 1670705426243525, 46
1, memUtil , 1670705425258095, 3
1, memUtil , 1670705425425343, 0
1, memUtil , 1670705425592598, 0
1, memUtil , 1670705425759902, 0
1, memUtil , 1670705425927022, 0
1, memUtil , 1670705426094215, 0
1, gpuUtil , 1670705425258095, 37
1, gpuUtil , 1670705425425343, 0
1, gpuUtil , 1670705425592598, 0
1, gpuUtil , 1670705425759902, 0
1, gpuUtil , 1670705425927022, 0
1, gpuUtil , 1670705426094215, 0
1, encUtil , 1670705425258095, 0
1, encUtil , 1670705425425343, 0
1, encUtil , 1670705425592598, 0
1, encUtil , 1670705425759902, 0
1, encUtil , 1670705425927022, 0
1, encUtil , 1670705426094215, 0
1, decUtil , 1670705425258095, 0
1, decUtil , 1670705425425343, 0
1, decUtil , 1670705425592598, 0
1, decUtil , 1670705425759902, 0
1, decUtil , 1670705425927022, 0
1, decUtil , 1670705426094215, 0
1, procClk , 1670705425223175, 1873
1, violPwr , 1670705426248406, 0
1, violThm , 1670705426248637, 0
1, pwrDraw , 1670705426422828, 81
1, pwrDraw , 1670705426442996, 81
1, pwrDraw , 1670705426462910, 81
1, pwrDraw , 1670705426482921, 81
1, pwrDraw , 1670705426502986, 81
1, pwrDraw , 1670705426522990, 81
1, pwrDraw , 1670705426543205, 81
1, pwrDraw , 1670705426563260, 81
1, pwrDraw , 1670705426583244, 81
1, pwrDraw , 1670705426603251, 81
1, pwrDraw , 1670705426623261, 81
1, pwrDraw , 1670705426643389, 81
1, pwrDraw , 1670705426663348, 81
1, pwrDraw , 1670705426683358, 81
1, pwrDraw , 1670705426703423, 81
1, pwrDraw , 1670705426723409, 81
1, pwrDraw , 1670705426743650, 81
1, pwrDraw , 1670705426763692, 81
1, pwrDraw , 1670705426783646, 81
1, pwrDraw , 1670705426803543, 81
1, pwrDraw , 1670705426823564, 80
1, pwrDraw , 1670705426843574, 81
1, pwrDraw , 1670705426863585, 81
1, pwrDraw , 1670705426883677, 81
1, pwrDraw , 1670705426903872, 81
1, pwrDraw , 1670705426923697, 80
1, pwrDraw , 1670705426943891, 81
1, pwrDraw , 1670705426963839, 81
1, pwrDraw , 1670705426983967, 80
1, pwrDraw , 1670705427003921, 81
1, pwrDraw , 1670705427023940, 80
1, pwrDraw , 1670705427043951, 80
1, pwrDraw , 1670705427063953, 81
1, pwrDraw , 1670705427084079, 80
1, pwrDraw , 1670705427104209, 80
1, pwrDraw , 1670705427124105, 81
1, pwrDraw , 1670705427144267, 80
1, pwrDraw , 1670705427164225, 80
1, pwrDraw , 1670705427184347, 80
1, pwrDraw , 1670705427204307, 80
1, pwrDraw , 1670705427224337, 81
1, pwrDraw , 1670705427244325, 80
1, pwrDraw , 1670705427264335, 80
1, pwrDraw , 1670705426262718, 81
1, pwrDraw , 1670705426282573, 81
1, pwrDraw , 1670705426302642, 81
1, pwrDraw , 1670705426322625, 81
1, pwrDraw , 1670705426342865, 81
1, pwrDraw , 1670705426362792, 81
1, pwrDraw , 1670705426382824, 81
1, temp    , 1670705427270829, 45
1, memUtil , 1670705426428729, 0
1, memUtil , 1670705426596013, 0
1, memUtil , 1670705426763317, 0
1, memUtil , 1670705426930436, 0
1, memUtil , 1670705427097661, 0
1, memUtil , 1670705427264888, 0
