0, temp    , 1670704618994159, 35
0, memUtil , 1670704618085978, 0
0, memUtil , 1670704618252953, 0
0, memUtil , 1670704618419927, 0
0, memUtil , 1670704618586899, 0
0, memUtil , 1670704618753876, 0
0, memUtil , 1670704618920849, 0
0, gpuUtil , 1670704618085978, 0
0, gpuUtil , 1670704618252953, 0
0, gpuUtil , 1670704618419927, 0
0, gpuUtil , 1670704618586899, 0
0, gpuUtil , 1670704618753876, 0
0, gpuUtil , 1670704618920849, 0
0, encUtil , 1670704618085978, 0
0, encUtil , 1670704618252953, 0
0, encUtil , 1670704618419927, 0
0, encUtil , 1670704618586899, 0
0, encUtil , 1670704618753876, 0
0, encUtil , 1670704618920849, 0
0, decUtil , 1670704618085978, 0
0, decUtil , 1670704618252953, 0
0, decUtil , 1670704618419927, 0
0, decUtil , 1670704618586899, 0
0, decUtil , 1670704618753876, 0
0, decUtil , 1670704618920849, 0
0, violPwr , 1670704618999999, 0
0, violThm , 1670704619000491, 0
0, temp    , 1670704620007460, 35
0, memUtil , 1670704619087846, 0
0, memUtil , 1670704619254797, 0
0, memUtil , 1670704619421771, 0
0, memUtil , 1670704619588743, 0
0, memUtil , 1670704619755717, 0
0, memUtil , 1670704619922692, 0
0, gpuUtil , 1670704619087846, 0
0, gpuUtil , 1670704619254797, 0
0, gpuUtil , 1670704619421771, 0
0, gpuUtil , 1670704619588743, 0
0, gpuUtil , 1670704619755717, 0
0, gpuUtil , 1670704619922692, 0
0, encUtil , 1670704619087846, 0
0, encUtil , 1670704619254797, 0
0, encUtil , 1670704619421771, 0
0, encUtil , 1670704619588743, 0
0, encUtil , 1670704619755717, 0
0, encUtil , 1670704619922692, 0
0, decUtil , 1670704619087846, 0
0, decUtil , 1670704619254797, 0
0, decUtil , 1670704619421771, 0
0, decUtil , 1670704619588743, 0
0, decUtil , 1670704619755717, 0
0, decUtil , 1670704619922692, 0
0, violPwr , 1670704620012319, 0
0, violThm , 1670704620012683, 0
0, temp    , 1670704621018875, 35
0, memUtil , 1670704620089668, 0
0, memUtil , 1670704620256642, 0
0, memUtil , 1670704620423640, 0
0, memUtil , 1670704620590589, 0
0, memUtil , 1670704620757562, 0
0, memUtil , 1670704620924537, 0
0, gpuUtil , 1670704620089668, 0
0, gpuUtil , 1670704620256642, 0
0, gpuUtil , 1670704620423640, 0
0, gpuUtil , 1670704620590589, 0
0, gpuUtil , 1670704620757562, 0
0, gpuUtil , 1670704620924537, 0
0, encUtil , 1670704620089668, 0
0, encUtil , 1670704620256642, 0
0, encUtil , 1670704620423640, 0
0, encUtil , 1670704620590589, 0
0, encUtil , 1670704620757562, 0
0, encUtil , 1670704620924537, 0
0, decUtil , 1670704620089668, 0
0, decUtil , 1670704620256642, 0
0, decUtil , 1670704620423640, 0
0, decUtil , 1670704620590589, 0
0, decUtil , 1670704620757562, 0
0, decUtil , 1670704620924537, 0
0, violPwr , 1670704621023710, 0
0, violThm , 1670704621024119, 0
0, temp    , 1670704622030459, 35
0, memUtil , 1670704621091514, 0
0, memUtil , 1670704621258487, 0
0, memUtil , 1670704621425462, 0
0, memUtil , 1670704621592434, 0
0, memUtil , 1670704621759432, 0
0, memUtil , 1670704621926382, 0
0, gpuUtil , 1670704621091514, 0
0, gpuUtil , 1670704621258487, 0
0, gpuUtil , 1670704621425462, 0
0, gpuUtil , 1670704621592434, 0
0, gpuUtil , 1670704621759432, 0
0, gpuUtil , 1670704621926382, 0
0, encUtil , 1670704621091514, 0
0, encUtil , 1670704621258487, 0
0, encUtil , 1670704621425462, 0
0, encUtil , 1670704621592434, 0
0, encUtil , 1670704621759432, 0
0, encUtil , 1670704621926382, 0
0, decUtil , 1670704621091514, 0
0, decUtil , 1670704621258487, 0
0, decUtil , 1670704621425462, 0
0, decUtil , 1670704621592434, 0
0, decUtil , 1670704621759432, 0
0, decUtil , 1670704621926382, 0
0, violPwr , 1670704622035243, 0
0, violThm , 1670704622035704, 0
0, pwrDraw , 1670704622162719, 28
0, temp    , 1670704623037780, 35
0, memUtil , 1670704622093359, 0
0, memUtil , 1670704622260393, 0
0, memUtil , 1670704622427377, 0
0, memUtil , 1670704622594339, 0
0, memUtil , 1670704622761313, 0
0, memUtil , 1670704622928287, 0
0, gpuUtil , 1670704622093359, 0
0, gpuUtil , 1670704622260393, 0
0, gpuUtil , 1670704622427377, 0
0, gpuUtil , 1670704622594339, 0
0, gpuUtil , 1670704622761313, 0
0, gpuUtil , 1670704622928287, 0
0, encUtil , 1670704622093359, 0
0, encUtil , 1670704622260393, 0
0, encUtil , 1670704622427377, 0
0, encUtil , 1670704622594339, 0
0, encUtil , 1670704622761313, 0
0, encUtil , 1670704622928287, 0
0, decUtil , 1670704622093359, 0
0, decUtil , 1670704622260393, 0
0, decUtil , 1670704622427377, 0
0, decUtil , 1670704622594339, 0
0, decUtil , 1670704622761313, 0
0, decUtil , 1670704622928287, 0
0, violPwr , 1670704623042444, 0
0, violThm , 1670704623042940, 0
0, pwrDraw , 1670704622162871, 28
0, temp    , 1670704624045288, 35
0, memUtil , 1670704622928475, 0
0, memUtil , 1670704623095483, 0
0, memUtil , 1670704623262442, 0
0, memUtil , 1670704623429424, 0
0, memUtil , 1670704623596404, 0
0, memUtil , 1670704623763386, 0
0, memUtil , 1670704623930369, 0
0, gpuUtil , 1670704622928475, 0
0, gpuUtil , 1670704623095483, 0
0, gpuUtil , 1670704623262442, 0
0, gpuUtil , 1670704623429424, 0
0, gpuUtil , 1670704623596404, 0
0, gpuUtil , 1670704623763386, 0
0, gpuUtil , 1670704623930369, 0
0, encUtil , 1670704622928475, 0
0, encUtil , 1670704623095483, 0
0, encUtil , 1670704623262442, 0
0, encUtil , 1670704623429424, 0
0, encUtil , 1670704623596404, 0
0, encUtil , 1670704623763386, 0
0, encUtil , 1670704623930369, 0
0, decUtil , 1670704622928475, 0
0, decUtil , 1670704623095483, 0
0, decUtil , 1670704623262442, 0
0, decUtil , 1670704623429424, 0
0, decUtil , 1670704623596404, 0
0, decUtil , 1670704623763386, 0
0, decUtil , 1670704623930369, 0
0, violPwr , 1670704624050205, 0
0, violThm , 1670704624050522, 0
0, pwrDraw , 1670704624755600, 31
0, pwrDraw , 1670704624762796, 34
0, pwrDraw , 1670704624862939, 56
0, pwrDraw , 1670704624963227, 64
0, temp    , 1670704625054277, 36
0, memUtil , 1670704624097353, 0
0, memUtil , 1670704624264335, 0
0, memUtil , 1670704624431341, 0
0, memUtil , 1670704624598297, 0
0, memUtil , 1670704624765587, 0
0, memUtil , 1670704624932591, 2
0, gpuUtil , 1670704624097353, 0
0, gpuUtil , 1670704624264335, 0
0, gpuUtil , 1670704624431341, 0
0, gpuUtil , 1670704624598297, 0
0, gpuUtil , 1670704624765587, 5
0, gpuUtil , 1670704624932591, 37
0, encUtil , 1670704624097353, 0
0, encUtil , 1670704624264335, 0
0, encUtil , 1670704624431341, 0
0, encUtil , 1670704624598297, 0
0, encUtil , 1670704624765587, 0
0, encUtil , 1670704624932591, 0
0, decUtil , 1670704624097353, 0
0, decUtil , 1670704624264335, 0
0, decUtil , 1670704624431341, 0
0, decUtil , 1670704624598297, 0
0, decUtil , 1670704624765587, 0
0, decUtil , 1670704624932591, 0
0, procClk , 1670704624753247, 1002
0, memClk  , 1670704624753247, 3004
0, violPwr , 1670704625059653, 0
0, violThm , 1670704625059902, 0
0, pwrDraw , 1670704625063284, 67
0, pwrDraw , 1670704625163410, 68
0, pwrDraw , 1670704625263296, 69
0, pwrDraw , 1670704625363442, 69
0, pwrDraw , 1670704625463366, 69
0, pwrDraw , 1670704625563416, 69
0, pwrDraw , 1670704625663457, 69
0, pwrDraw , 1670704625763518, 69
0, pwrDraw , 1670704625863404, 69
0, pwrDraw , 1670704625963510, 69
0, temp    , 1670704626063533, 37
0, memUtil , 1670704625099612, 0
0, memUtil , 1670704625266623, 0
0, memUtil , 1670704625433695, 0
0, memUtil , 1670704625600697, 0
0, memUtil , 1670704625767714, 0
0, memUtil , 1670704625934661, 0
0, gpuUtil , 1670704625099612, 0
0, gpuUtil , 1670704625266623, 0
0, gpuUtil , 1670704625433695, 0
0, gpuUtil , 1670704625600697, 0
0, gpuUtil , 1670704625767714, 0
0, gpuUtil , 1670704625934661, 0
0, encUtil , 1670704625099612, 0
0, encUtil , 1670704625266623, 0
0, encUtil , 1670704625433695, 0
0, encUtil , 1670704625600697, 0
0, encUtil , 1670704625767714, 0
0, encUtil , 1670704625934661, 0
0, decUtil , 1670704625099612, 0
0, decUtil , 1670704625266623, 0
0, decUtil , 1670704625433695, 0
0, decUtil , 1670704625600697, 0
0, decUtil , 1670704625767714, 0
0, decUtil , 1670704625934661, 0
0, violPwr , 1670704626068857, 0
0, violThm , 1670704626069110, 0
0, pwrDraw , 1670704626063349, 69
0, pwrDraw , 1670704626163481, 69
0, pwrDraw , 1670704626263392, 69
0, pwrDraw , 1670704626363511, 69
0, pwrDraw , 1670704626463538, 69
0, pwrDraw , 1670704626563525, 69
0, pwrDraw , 1670704626663436, 69
0, pwrDraw , 1670704626763625, 86
0, pwrDraw , 1670704626863426, 95
0, pwrDraw , 1670704626963104, 106
0, pwrDraw , 1670704627063019, 106
0, temp    , 1670704627071720, 39
0, memUtil , 1670704626101684, 0
0, memUtil , 1670704626268696, 0
0, memUtil , 1670704626435701, 0
0, memUtil , 1670704626602719, 0
0, memUtil , 1670704626769733, 15
0, memUtil , 1670704626936715, 19
0, gpuUtil , 1670704626101684, 0
0, gpuUtil , 1670704626268696, 0
0, gpuUtil , 1670704626435701, 0
0, gpuUtil , 1670704626602719, 0
0, gpuUtil , 1670704626769733, 27
0, gpuUtil , 1670704626936715, 96
0, encUtil , 1670704626101684, 0
0, encUtil , 1670704626268696, 0
0, encUtil , 1670704626435701, 0
0, encUtil , 1670704626602719, 0
0, encUtil , 1670704626769733, 0
0, encUtil , 1670704626936715, 0
0, decUtil , 1670704626101684, 0
0, decUtil , 1670704626268696, 0
0, decUtil , 1670704626435701, 0
0, decUtil , 1670704626602719, 0
0, decUtil , 1670704626769733, 0
0, decUtil , 1670704626936715, 0
0, procClk , 1670704626938612, 1114
0, memClk  , 1670704626938612, 3004
0, violPwr , 1670704627076538, 0
0, violThm , 1670704627076747, 0
0, pwrDraw , 1670704627163073, 116
0, pwrDraw , 1670704627263125, 126
0, pwrDraw , 1670704627363245, 127
0, pwrDraw , 1670704627463094, 143
0, pwrDraw , 1670704627563203, 131
0, pwrDraw , 1670704627663043, 137
0, pwrDraw , 1670704627763166, 128
0, pwrDraw , 1670704627863076, 129
0, pwrDraw , 1670704627963150, 128
0, pwrDraw , 1670704628063179, 128
0, temp    , 1670704628078836, 44
0, memUtil , 1670704627103789, 31
0, memUtil , 1670704627270770, 30
0, memUtil , 1670704627437774, 29
0, memUtil , 1670704627604794, 26
0, memUtil , 1670704627771806, 33
0, gpuUtil , 1670704627103789, 81
0, gpuUtil , 1670704627270770, 83
0, gpuUtil , 1670704627437774, 97
0, gpuUtil , 1670704627604794, 81
0, gpuUtil , 1670704627771806, 81
0, encUtil , 1670704627103789, 0
0, encUtil , 1670704627270770, 0
0, encUtil , 1670704627437774, 0
0, encUtil , 1670704627604794, 0
0, encUtil , 1670704627771806, 0
0, decUtil , 1670704627103789, 0
0, decUtil , 1670704627270770, 0
0, decUtil , 1670704627437774, 0
0, decUtil , 1670704627604794, 0
0, decUtil , 1670704627771806, 0
0, procClk , 1670704627105609, 1202
0, memClk  , 1670704627105609, 3004
0, violPwr , 1670704628083712, 0
0, violThm , 1670704628083925, 0
0, pwrDraw , 1670704628163221, 143
0, pwrDraw , 1670704628263134, 131
0, pwrDraw , 1670704628363257, 139
0, pwrDraw , 1670704628463112, 130
0, pwrDraw , 1670704628563235, 131
0, pwrDraw , 1670704628663131, 126
0, pwrDraw , 1670704628763182, 129
0, pwrDraw , 1670704628863231, 140
0, pwrDraw , 1670704628963214, 131
0, pwrDraw , 1670704629063192, 141
0, temp    , 1670704629086214, 47
0, memUtil , 1670704628105800, 21
0, memUtil , 1670704628272810, 31
0, memUtil , 1670704628439839, 29
0, memUtil , 1670704628606837, 34
0, memUtil , 1670704628773849, 22
0, memUtil , 1670704628940823, 33
0, gpuUtil , 1670704628105800, 88
0, gpuUtil , 1670704628272810, 81
0, gpuUtil , 1670704628439839, 81
0, gpuUtil , 1670704628606837, 99
0, gpuUtil , 1670704628773849, 81
0, gpuUtil , 1670704628940823, 81
0, encUtil , 1670704628105800, 0
0, encUtil , 1670704628272810, 0
0, encUtil , 1670704628439839, 0
0, encUtil , 1670704628606837, 0
0, encUtil , 1670704628773849, 0
0, encUtil , 1670704628940823, 0
0, decUtil , 1670704628105800, 0
0, decUtil , 1670704628272810, 0
0, decUtil , 1670704628439839, 0
0, decUtil , 1670704628606837, 0
0, decUtil , 1670704628773849, 0
0, decUtil , 1670704628940823, 0
0, violPwr , 1670704629091964, 0
0, violThm , 1670704629092242, 0
0, pwrDraw , 1670704629163303, 132
0, pwrDraw , 1670704629263141, 134
0, pwrDraw , 1670704629363280, 124
0, pwrDraw , 1670704629463167, 128
0, pwrDraw , 1670704629563260, 136
0, pwrDraw , 1670704629663278, 131
0, pwrDraw , 1670704629763255, 143
0, pwrDraw , 1670704629863236, 133
0, pwrDraw , 1670704629963366, 136
0, pwrDraw , 1670704630063213, 126
0, temp    , 1670704630099505, 48
0, memUtil , 1670704629107843, 31
0, memUtil , 1670704629274855, 25
0, memUtil , 1670704629441860, 29
0, memUtil , 1670704629608880, 31
0, memUtil , 1670704629775917, 35
0, memUtil , 1670704629942866, 19
0, gpuUtil , 1670704629107843, 85
0, gpuUtil , 1670704629274855, 96
0, gpuUtil , 1670704629441860, 81
0, gpuUtil , 1670704629608880, 81
0, gpuUtil , 1670704629775917, 99
0, gpuUtil , 1670704629942866, 81
0, encUtil , 1670704629107843, 0
0, encUtil , 1670704629274855, 0
0, encUtil , 1670704629441860, 0
0, encUtil , 1670704629608880, 0
0, encUtil , 1670704629775917, 0
0, encUtil , 1670704629942866, 0
0, decUtil , 1670704629107843, 0
0, decUtil , 1670704629274855, 0
0, decUtil , 1670704629441860, 0
0, decUtil , 1670704629608880, 0
0, decUtil , 1670704629775917, 0
0, decUtil , 1670704629942866, 0
0, violPwr , 1670704630104325, 0
0, violThm , 1670704630104533, 0
0, pwrDraw , 1670704630163335, 128
0, pwrDraw , 1670704630263262, 133
0, pwrDraw , 1670704630363388, 131
0, pwrDraw , 1670704630463361, 144
0, pwrDraw , 1670704630563355, 133
0, pwrDraw , 1670704630663325, 137
0, pwrDraw , 1670704630763464, 129
0, pwrDraw , 1670704630863269, 129
0, pwrDraw , 1670704630963421, 131
0, pwrDraw , 1670704631063312, 130
0, temp    , 1670704631107542, 49
0, memUtil , 1670704630109886, 33
0, memUtil , 1670704630276929, 29
0, memUtil , 1670704630443933, 30
0, memUtil , 1670704630610953, 25
0, memUtil , 1670704630777965, 33
0, memUtil , 1670704630944940, 32
0, gpuUtil , 1670704630109886, 81
0, gpuUtil , 1670704630276929, 83
0, gpuUtil , 1670704630443933, 98
0, gpuUtil , 1670704630610953, 81
0, gpuUtil , 1670704630777965, 81
0, gpuUtil , 1670704630944940, 91
0, encUtil , 1670704630109886, 0
0, encUtil , 1670704630276929, 0
0, encUtil , 1670704630443933, 0
0, encUtil , 1670704630610953, 0
0, encUtil , 1670704630777965, 0
0, encUtil , 1670704630944940, 0
0, decUtil , 1670704630109886, 0
0, decUtil , 1670704630276929, 0
0, decUtil , 1670704630443933, 0
0, decUtil , 1670704630610953, 0
0, decUtil , 1670704630777965, 0
0, decUtil , 1670704630944940, 0
0, violPwr , 1670704631112370, 0
0, violThm , 1670704631112602, 0
0, pwrDraw , 1670704631163362, 146
0, pwrDraw , 1670704631263377, 133
0, pwrDraw , 1670704631363355, 139
0, pwrDraw , 1670704631463338, 130
0, pwrDraw , 1670704631563444, 131
0, pwrDraw , 1670704631663318, 129
0, pwrDraw , 1670704631763401, 130
0, pwrDraw , 1670704631863327, 143
0, pwrDraw , 1670704631963378, 133
0, pwrDraw , 1670704632063434, 141
0, temp    , 1670704632115816, 49
0, memUtil , 1670704631111984, 22
0, memUtil , 1670704631278933, 31
0, memUtil , 1670704631445956, 29
0, memUtil , 1670704631612968, 34
0, memUtil , 1670704631779980, 21
0, memUtil , 1670704631946952, 33
0, memUtil , 1670704632113973, 30
0, gpuUtil , 1670704631111984, 89
0, gpuUtil , 1670704631278933, 81
0, gpuUtil , 1670704631445956, 81
0, gpuUtil , 1670704631612968, 99
0, gpuUtil , 1670704631779980, 81
0, gpuUtil , 1670704631946952, 81
0, gpuUtil , 1670704632113973, 85
0, encUtil , 1670704631111984, 0
0, encUtil , 1670704631278933, 0
0, encUtil , 1670704631445956, 0
0, encUtil , 1670704631612968, 0
0, encUtil , 1670704631779980, 0
0, encUtil , 1670704631946952, 0
0, encUtil , 1670704632113973, 0
0, decUtil , 1670704631111984, 0
0, decUtil , 1670704631278933, 0
0, decUtil , 1670704631445956, 0
0, decUtil , 1670704631612968, 0
0, decUtil , 1670704631779980, 0
0, decUtil , 1670704631946952, 0
0, decUtil , 1670704632113973, 0
0, violPwr , 1670704632120875, 0
0, violThm , 1670704632121136, 0
0, pwrDraw , 1670704632163439, 132
0, pwrDraw , 1670704632263416, 132
0, pwrDraw , 1670704632363496, 127
0, pwrDraw , 1670704632463340, 130
0, pwrDraw , 1670704632563465, 141
0, pwrDraw , 1670704632663375, 133
0, pwrDraw , 1670704632763446, 142
0, pwrDraw , 1670704632863483, 133
0, pwrDraw , 1670704632963448, 134
0, pwrDraw , 1670704633063437, 125
0, temp    , 1670704633122870, 50
0, memUtil , 1670704632280977, 25
0, memUtil , 1670704632448024, 29
0, memUtil , 1670704632615011, 31
0, memUtil , 1670704632782013, 35
0, memUtil , 1670704632949003, 19
0, memUtil , 1670704633116007, 33
0, gpuUtil , 1670704632280977, 95
0, gpuUtil , 1670704632448024, 81
0, gpuUtil , 1670704632615011, 81
0, gpuUtil , 1670704632782013, 99
0, gpuUtil , 1670704632949003, 81
0, gpuUtil , 1670704633116007, 81
0, encUtil , 1670704632280977, 0
0, encUtil , 1670704632448024, 0
0, encUtil , 1670704632615011, 0
0, encUtil , 1670704632782013, 0
0, encUtil , 1670704632949003, 0
0, encUtil , 1670704633116007, 0
0, decUtil , 1670704632280977, 0
0, decUtil , 1670704632448024, 0
0, decUtil , 1670704632615011, 0
0, decUtil , 1670704632782013, 0
0, decUtil , 1670704632949003, 0
0, decUtil , 1670704633116007, 0
0, violPwr , 1670704633127718, 0
0, violThm , 1670704633127941, 0
0, pwrDraw , 1670704633163519, 130
0, pwrDraw , 1670704633263389, 139
0, pwrDraw , 1670704633363533, 132
0, pwrDraw , 1670704633463460, 144
0, pwrDraw , 1670704633563510, 134
0, pwrDraw , 1670704633663555, 136
0, pwrDraw , 1670704633763535, 127
0, pwrDraw , 1670704633863504, 130
0, pwrDraw , 1670704633963597, 136
0, pwrDraw , 1670704634063445, 132
0, temp    , 1670704634131086, 51
0, memUtil , 1670704633282997, 30
0, memUtil , 1670704633450071, 29
0, memUtil , 1670704633617073, 26
0, memUtil , 1670704633784088, 32
0, memUtil , 1670704633951038, 33
0, memUtil , 1670704634118058, 21
0, gpuUtil , 1670704633282997, 83
0, gpuUtil , 1670704633450071, 98
0, gpuUtil , 1670704633617073, 81
0, gpuUtil , 1670704633784088, 81
0, gpuUtil , 1670704633951038, 93
0, gpuUtil , 1670704634118058, 88
0, encUtil , 1670704633282997, 0
0, encUtil , 1670704633450071, 0
0, encUtil , 1670704633617073, 0
0, encUtil , 1670704633784088, 0
0, encUtil , 1670704633951038, 0
0, encUtil , 1670704634118058, 0
0, decUtil , 1670704633282997, 0
0, decUtil , 1670704633450071, 0
0, decUtil , 1670704633617073, 0
0, decUtil , 1670704633784088, 0
0, decUtil , 1670704633951038, 0
0, decUtil , 1670704634118058, 0
0, violPwr , 1670704634135965, 0
0, violThm , 1670704634136175, 0
0, pwrDraw , 1670704634863488, 147
0, pwrDraw , 1670704634963568, 134
0, pwrDraw , 1670704635063506, 140
0, pwrDraw , 1670704634163564, 145
0, pwrDraw , 1670704634263469, 134
0, pwrDraw , 1670704634363509, 138
0, pwrDraw , 1670704634463581, 129
0, pwrDraw , 1670704634563555, 130
0, pwrDraw , 1670704634663536, 133
0, temp    , 1670704635138645, 51
0, memUtil , 1670704634285062, 31
0, memUtil , 1670704634452084, 29
0, memUtil , 1670704634619086, 34
0, memUtil , 1670704634786076, 22
0, memUtil , 1670704634953050, 33
0, memUtil , 1670704635120096, 31
0, gpuUtil , 1670704634285062, 81
0, gpuUtil , 1670704634452084, 81
0, gpuUtil , 1670704634619086, 99
0, gpuUtil , 1670704634786076, 81
0, gpuUtil , 1670704634953050, 81
0, gpuUtil , 1670704635120096, 85
0, encUtil , 1670704634285062, 0
0, encUtil , 1670704634452084, 0
0, encUtil , 1670704634619086, 0
0, encUtil , 1670704634786076, 0
0, encUtil , 1670704634953050, 0
0, encUtil , 1670704635120096, 0
0, decUtil , 1670704634285062, 0
0, decUtil , 1670704634452084, 0
0, decUtil , 1670704634619086, 0
0, decUtil , 1670704634786076, 0
0, decUtil , 1670704634953050, 0
0, decUtil , 1670704635120096, 0
0, violPwr , 1670704635143684, 0
0, violThm , 1670704635143943, 0
0, pwrDraw , 1670704634863488, 147
0, pwrDraw , 1670704634963568, 134
0, pwrDraw , 1670704635063506, 140
0, pwrDraw , 1670704635163549, 131
0, pwrDraw , 1670704635263600, 132
0, pwrDraw , 1670704635363579, 130
0, pwrDraw , 1670704635463600, 131
0, pwrDraw , 1670704635563695, 145
0, pwrDraw , 1670704635663577, 134
0, pwrDraw , 1670704635763665, 142
0, pwrDraw , 1670704635863582, 133
0, pwrDraw , 1670704635963650, 133
0, pwrDraw , 1670704636063696, 128
0, temp    , 1670704636152824, 52
0, memUtil , 1670704635287075, 25
0, memUtil , 1670704635454095, 29
0, memUtil , 1670704635621137, 31
0, memUtil , 1670704635788149, 35
0, memUtil , 1670704635955123, 19
0, memUtil , 1670704636122143, 33
0, gpuUtil , 1670704635287075, 95
0, gpuUtil , 1670704635454095, 81
0, gpuUtil , 1670704635621137, 81
0, gpuUtil , 1670704635788149, 99
0, gpuUtil , 1670704635955123, 81
0, gpuUtil , 1670704636122143, 81
0, encUtil , 1670704635287075, 0
0, encUtil , 1670704635454095, 0
0, encUtil , 1670704635621137, 0
0, encUtil , 1670704635788149, 0
0, encUtil , 1670704635955123, 0
0, encUtil , 1670704636122143, 0
0, decUtil , 1670704635287075, 0
0, decUtil , 1670704635454095, 0
0, decUtil , 1670704635621137, 0
0, decUtil , 1670704635788149, 0
0, decUtil , 1670704635955123, 0
0, decUtil , 1670704636122143, 0
0, violPwr , 1670704636157635, 0
0, violThm , 1670704636157845, 0
0, pwrDraw , 1670704636163691, 131
0, pwrDraw , 1670704636263634, 142
0, pwrDraw , 1670704636363767, 133
0, pwrDraw , 1670704636463606, 143
0, pwrDraw , 1670704636563727, 134
0, pwrDraw , 1670704636663666, 135
0, pwrDraw , 1670704636763712, 126
0, pwrDraw , 1670704636863763, 131
0, pwrDraw , 1670704636963745, 139
0, pwrDraw , 1670704637063730, 133
0, temp    , 1670704637160256, 53
0, memUtil , 1670704636289148, 29
0, memUtil , 1670704636456193, 29
0, memUtil , 1670704636623210, 26
0, memUtil , 1670704636790222, 33
0, memUtil , 1670704636957197, 33
0, memUtil , 1670704637124216, 21
0, gpuUtil , 1670704636289148, 83
0, gpuUtil , 1670704636456193, 97
0, gpuUtil , 1670704636623210, 81
0, gpuUtil , 1670704636790222, 81
0, gpuUtil , 1670704636957197, 93
0, gpuUtil , 1670704637124216, 88
0, encUtil , 1670704636289148, 0
0, encUtil , 1670704636456193, 0
0, encUtil , 1670704636623210, 0
0, encUtil , 1670704636790222, 0
0, encUtil , 1670704636957197, 0
0, encUtil , 1670704637124216, 0
0, decUtil , 1670704636289148, 0
0, decUtil , 1670704636456193, 0
0, decUtil , 1670704636623210, 0
0, decUtil , 1670704636790222, 0
0, decUtil , 1670704636957197, 0
0, decUtil , 1670704637124216, 0
0, violPwr , 1670704637165069, 0
0, violThm , 1670704637165296, 0
0, pwrDraw , 1670704637163831, 145
0, pwrDraw , 1670704637263711, 135
0, pwrDraw , 1670704637363799, 137
0, pwrDraw , 1670704637463697, 128
0, pwrDraw , 1670704637563810, 130
0, pwrDraw , 1670704637663857, 136
0, pwrDraw , 1670704637763718, 133
0, pwrDraw , 1670704637863770, 146
0, pwrDraw , 1670704637963879, 135
0, pwrDraw , 1670704638063749, 139
0, pwrDraw , 1670704638163787, 130
0, temp    , 1670704638167408, 53
0, memUtil , 1670704637291221, 31
0, memUtil , 1670704637458241, 29
0, memUtil , 1670704637625283, 33
0, memUtil , 1670704637792280, 22
0, memUtil , 1670704637959239, 33
0, memUtil , 1670704638126260, 31
0, gpuUtil , 1670704637291221, 81
0, gpuUtil , 1670704637458241, 81
0, gpuUtil , 1670704637625283, 99
0, gpuUtil , 1670704637792280, 81
0, gpuUtil , 1670704637959239, 81
0, gpuUtil , 1670704638126260, 85
0, encUtil , 1670704637291221, 0
0, encUtil , 1670704637458241, 0
0, encUtil , 1670704637625283, 0
0, encUtil , 1670704637792280, 0
0, encUtil , 1670704637959239, 0
0, encUtil , 1670704638126260, 0
0, decUtil , 1670704637291221, 0
0, decUtil , 1670704637458241, 0
0, decUtil , 1670704637625283, 0
0, decUtil , 1670704637792280, 0
0, decUtil , 1670704637959239, 0
0, decUtil , 1670704638126260, 0
0, violPwr , 1670704638172216, 0
0, violThm , 1670704638172427, 0
0, pwrDraw , 1670704638263733, 131
0, pwrDraw , 1670704638363858, 114
0, pwrDraw , 1670704638463835, 97
0, pwrDraw , 1670704638563768, 90
0, pwrDraw , 1670704638663803, 87
0, pwrDraw , 1670704638763901, 86
0, pwrDraw , 1670704638863740, 86
0, pwrDraw , 1670704638963824, 85
0, pwrDraw , 1670704639063750, 85
0, pwrDraw , 1670704639163893, 85
0, temp    , 1670704639174216, 50
0, memUtil , 1670704638293233, 25
0, memUtil , 1670704638460246, 0
0, memUtil , 1670704638627264, 0
0, memUtil , 1670704638794266, 0
0, memUtil , 1670704638961259, 0
0, memUtil , 1670704639128258, 0
0, gpuUtil , 1670704638293233, 96
0, gpuUtil , 1670704638460246, 9
0, gpuUtil , 1670704638627264, 0
0, gpuUtil , 1670704638794266, 0
0, gpuUtil , 1670704638961259, 0
0, gpuUtil , 1670704639128258, 0
0, encUtil , 1670704638293233, 0
0, encUtil , 1670704638460246, 0
0, encUtil , 1670704638627264, 0
0, encUtil , 1670704638794266, 0
0, encUtil , 1670704638961259, 0
0, encUtil , 1670704639128258, 0
0, decUtil , 1670704638293233, 0
0, decUtil , 1670704638460246, 0
0, decUtil , 1670704638627264, 0
0, decUtil , 1670704638794266, 0
0, decUtil , 1670704638961259, 0
0, decUtil , 1670704639128258, 0
0, violPwr , 1670704639179106, 0
0, violThm , 1670704639179339, 0
0, pwrDraw , 1670704639263869, 85
0, pwrDraw , 1670704639363929, 85
0, pwrDraw , 1670704639463777, 85
0, pwrDraw , 1670704639563826, 85
0, pwrDraw , 1670704639663748, 85
0, pwrDraw , 1670704639763900, 85
0, pwrDraw , 1670704639863736, 85
0, pwrDraw , 1670704639963782, 85
0, pwrDraw , 1670704640063845, 85
0, pwrDraw , 1670704640163852, 85
0, temp    , 1670704640180857, 49
0, memUtil , 1670704639295254, 0
0, memUtil , 1670704639462269, 0
0, memUtil , 1670704639629248, 0
0, memUtil , 1670704639796229, 0
0, memUtil , 1670704639963274, 0
0, memUtil , 1670704640130224, 0
0, gpuUtil , 1670704639295254, 0
0, gpuUtil , 1670704639462269, 0
0, gpuUtil , 1670704639629248, 0
0, gpuUtil , 1670704639796229, 0
0, gpuUtil , 1670704639963274, 0
0, gpuUtil , 1670704640130224, 0
0, encUtil , 1670704639295254, 0
0, encUtil , 1670704639462269, 0
0, encUtil , 1670704639629248, 0
0, encUtil , 1670704639796229, 0
0, encUtil , 1670704639963274, 0
0, encUtil , 1670704640130224, 0
0, decUtil , 1670704639295254, 0
0, decUtil , 1670704639462269, 0
0, decUtil , 1670704639629248, 0
0, decUtil , 1670704639796229, 0
0, decUtil , 1670704639963274, 0
0, decUtil , 1670704640130224, 0
0, violPwr , 1670704640185750, 0
0, violThm , 1670704640186001, 0
0, pwrDraw , 1670704640263810, 85
0, pwrDraw , 1670704640363906, 85
0, pwrDraw , 1670704640463754, 85
0, pwrDraw , 1670704640563866, 85
0, pwrDraw , 1670704640663790, 85
0, pwrDraw , 1670704640763819, 85
0, pwrDraw , 1670704640863896, 85
0, pwrDraw , 1670704640963890, 85
0, pwrDraw , 1670704641064366, 76
0, pwrDraw , 1670704641164502, 73
0, temp    , 1670704641187326, 48
0, memUtil , 1670704640297229, 0
0, memUtil , 1670704640464274, 0
0, memUtil , 1670704640631263, 0
0, memUtil , 1670704640798273, 0
0, memUtil , 1670704640965285, 0
0, memUtil , 1670704641132268, 0
0, gpuUtil , 1670704640297229, 0
0, gpuUtil , 1670704640464274, 0
0, gpuUtil , 1670704640631263, 0
0, gpuUtil , 1670704640798273, 0
0, gpuUtil , 1670704640965285, 0
0, gpuUtil , 1670704641132268, 0
0, encUtil , 1670704640297229, 0
0, encUtil , 1670704640464274, 0
0, encUtil , 1670704640631263, 0
0, encUtil , 1670704640798273, 0
0, encUtil , 1670704640965285, 0
0, encUtil , 1670704641132268, 0
0, decUtil , 1670704640297229, 0
0, decUtil , 1670704640464274, 0
0, decUtil , 1670704640631263, 0
0, decUtil , 1670704640798273, 0
0, decUtil , 1670704640965285, 0
0, decUtil , 1670704641132268, 0
0, procClk , 1670704640966113, 1002
0, memClk  , 1670704640966113, 3004
0, violPwr , 1670704641192191, 0
0, violThm , 1670704641192425, 0
0, pwrDraw , 1670704641264313, 71
0, pwrDraw , 1670704641364422, 71
0, pwrDraw , 1670704641464355, 70
0, pwrDraw , 1670704641564365, 70
0, pwrDraw , 1670704641664415, 70
0, pwrDraw , 1670704641764425, 70
0, pwrDraw , 1670704641864391, 70
0, pwrDraw , 1670704641964448, 70
0, pwrDraw , 1670704642064299, 70
0, pwrDraw , 1670704642164419, 70
0, temp    , 1670704642193850, 46
0, memUtil , 1670704641299272, 0
0, memUtil , 1670704641466322, 0
0, memUtil , 1670704641633336, 0
0, memUtil , 1670704641800361, 0
0, memUtil , 1670704641967328, 0
0, memUtil , 1670704642134303, 0
0, gpuUtil , 1670704641299272, 0
0, gpuUtil , 1670704641466322, 0
0, gpuUtil , 1670704641633336, 0
0, gpuUtil , 1670704641800361, 0
0, gpuUtil , 1670704641967328, 0
0, gpuUtil , 1670704642134303, 0
0, encUtil , 1670704641299272, 0
0, encUtil , 1670704641466322, 0
0, encUtil , 1670704641633336, 0
0, encUtil , 1670704641800361, 0
0, encUtil , 1670704641967328, 0
0, encUtil , 1670704642134303, 0
0, decUtil , 1670704641299272, 0
0, decUtil , 1670704641466322, 0
0, decUtil , 1670704641633336, 0
0, decUtil , 1670704641800361, 0
0, decUtil , 1670704641967328, 0
0, decUtil , 1670704642134303, 0
0, violPwr , 1670704642198764, 0
0, violThm , 1670704642198994, 0
0, pwrDraw , 1670704642264336, 70
0, pwrDraw , 1670704642364447, 70
0, pwrDraw , 1670704642464495, 70
0, pwrDraw , 1670704642564431, 70
0, pwrDraw , 1670704642664419, 70
0, pwrDraw , 1670704642764548, 70
0, pwrDraw , 1670704642864396, 70
0, pwrDraw , 1670704642964457, 70
0, pwrDraw , 1670704643064439, 70
0, pwrDraw , 1670704643164427, 70
0, temp    , 1670704643207065, 46
0, memUtil , 1670704642301322, 0
0, memUtil , 1670704642468364, 0
0, memUtil , 1670704642635426, 0
0, memUtil , 1670704642802381, 0
0, memUtil , 1670704642969371, 0
0, memUtil , 1670704643136369, 0
0, gpuUtil , 1670704642301322, 0
0, gpuUtil , 1670704642468364, 0
0, gpuUtil , 1670704642635426, 0
0, gpuUtil , 1670704642802381, 0
0, gpuUtil , 1670704642969371, 0
0, gpuUtil , 1670704643136369, 0
0, encUtil , 1670704642301322, 0
0, encUtil , 1670704642468364, 0
0, encUtil , 1670704642635426, 0
0, encUtil , 1670704642802381, 0
0, encUtil , 1670704642969371, 0
0, encUtil , 1670704643136369, 0
0, decUtil , 1670704642301322, 0
0, decUtil , 1670704642468364, 0
0, decUtil , 1670704642635426, 0
0, decUtil , 1670704642802381, 0
0, decUtil , 1670704642969371, 0
0, decUtil , 1670704643136369, 0
0, violPwr , 1670704643211873, 0
0, violThm , 1670704643212106, 0
0, pwrDraw , 1670704643264725, 72
0, pwrDraw , 1670704643364632, 77
0, pwrDraw , 1670704643464165, 80
0, pwrDraw , 1670704643564262, 86
0, pwrDraw , 1670704643664103, 87
0, pwrDraw , 1670704643764187, 88
0, pwrDraw , 1670704643864434, 88
0, pwrDraw , 1670704643964182, 88
0, pwrDraw , 1670704644064331, 88
0, pwrDraw , 1670704644164174, 88
0, temp    , 1670704644218689, 47
0, memUtil , 1670704643303517, 4
0, memUtil , 1670704643470537, 6
0, memUtil , 1670704643637533, 2
0, memUtil , 1670704643804524, 0
0, memUtil , 1670704643971534, 0
0, memUtil , 1670704644138506, 0
0, gpuUtil , 1670704643303517, 81
0, gpuUtil , 1670704643470537, 99
0, gpuUtil , 1670704643637533, 35
0, gpuUtil , 1670704643804524, 0
0, gpuUtil , 1670704643971534, 0
0, gpuUtil , 1670704644138506, 0
0, encUtil , 1670704643303517, 0
0, encUtil , 1670704643470537, 0
0, encUtil , 1670704643637533, 0
0, encUtil , 1670704643804524, 0
0, encUtil , 1670704643971534, 0
0, encUtil , 1670704644138506, 0
0, decUtil , 1670704643303517, 0
0, decUtil , 1670704643470537, 0
0, decUtil , 1670704643637533, 0
0, decUtil , 1670704643804524, 0
0, decUtil , 1670704643971534, 0
0, decUtil , 1670704644138506, 0
0, procClk , 1670704643241984, 1002
0, procClk , 1670704643251423, 1002
0, procClk , 1670704643305427, 1114
0, procClk , 1670704643472543, 1202
0, memClk  , 1670704643241984, 3505
0, memClk  , 1670704643251423, 3505
0, memClk  , 1670704643305427, 3505
0, memClk  , 1670704643472543, 3505
0, violPwr , 1670704644223549, 0
0, violThm , 1670704644223796, 0
0, pwrDraw , 1670704644264161, 88
0, pwrDraw , 1670704644364288, 88
0, pwrDraw , 1670704644464177, 88
0, pwrDraw , 1670704644564283, 88
0, pwrDraw , 1670704644664219, 88
0, pwrDraw , 1670704644764243, 88
0, pwrDraw , 1670704644864291, 88
0, pwrDraw , 1670704644964263, 88
0, pwrDraw , 1670704645064257, 88
0, pwrDraw , 1670704645164329, 88
0, temp    , 1670704645233853, 47
0, memUtil , 1670704644806595, 0
0, memUtil , 1670704644973597, 0
0, memUtil , 1670704645140591, 0
0, memUtil , 1670704644305533, 0
0, memUtil , 1670704644472588, 0
0, gpuUtil , 1670704644806595, 0
0, gpuUtil , 1670704644973597, 0
0, gpuUtil , 1670704645140591, 0
0, gpuUtil , 1670704644305533, 0
0, gpuUtil , 1670704644472588, 0
0, encUtil , 1670704644806595, 0
0, encUtil , 1670704644973597, 0
0, encUtil , 1670704645140591, 0
0, encUtil , 1670704644305533, 0
0, encUtil , 1670704644472588, 0
0, decUtil , 1670704644806595, 0
0, decUtil , 1670704644973597, 0
0, decUtil , 1670704645140591, 0
0, decUtil , 1670704644305533, 0
0, decUtil , 1670704644472588, 0
0, violPwr , 1670704645240125, 0
0, violThm , 1670704645240412, 0
0, pwrDraw , 1670704645264174, 88
0, pwrDraw , 1670704645364303, 88
0, pwrDraw , 1670704645464243, 88
0, pwrDraw , 1670704645564242, 88
0, pwrDraw , 1670704645664333, 88
0, pwrDraw , 1670704645764188, 88
0, pwrDraw , 1670704645864230, 88
0, pwrDraw , 1670704645964348, 88
0, pwrDraw , 1670704646064212, 88
0, pwrDraw , 1670704646164270, 88
0, temp    , 1670704646241352, 47
0, memUtil , 1670704644806595, 0
0, memUtil , 1670704644973597, 0
0, memUtil , 1670704645140591, 0
0, memUtil , 1670704645307565, 0
0, memUtil , 1670704645474585, 0
0, memUtil , 1670704645641586, 0
0, memUtil , 1670704645808603, 0
0, memUtil , 1670704645975580, 0
0, memUtil , 1670704646142583, 0
0, gpuUtil , 1670704644806595, 0
0, gpuUtil , 1670704644973597, 0
0, gpuUtil , 1670704645140591, 0
0, gpuUtil , 1670704645307565, 0
0, gpuUtil , 1670704645474585, 0
0, gpuUtil , 1670704645641586, 0
0, gpuUtil , 1670704645808603, 0
0, gpuUtil , 1670704645975580, 0
0, gpuUtil , 1670704646142583, 0
0, encUtil , 1670704644806595, 0
0, encUtil , 1670704644973597, 0
0, encUtil , 1670704645140591, 0
0, encUtil , 1670704645307565, 0
0, encUtil , 1670704645474585, 0
0, encUtil , 1670704645641586, 0
0, encUtil , 1670704645808603, 0
0, encUtil , 1670704645975580, 0
0, encUtil , 1670704646142583, 0
0, decUtil , 1670704644806595, 0
0, decUtil , 1670704644973597, 0
0, decUtil , 1670704645140591, 0
0, decUtil , 1670704645307565, 0
0, decUtil , 1670704645474585, 0
0, decUtil , 1670704645641586, 0
0, decUtil , 1670704645808603, 0
0, decUtil , 1670704645975580, 0
0, decUtil , 1670704646142583, 0
0, violPwr , 1670704646247771, 0
0, violThm , 1670704646248067, 0
0, pwrDraw , 1670704646864184, 88
0, pwrDraw , 1670704646964300, 88
0, pwrDraw , 1670704647064225, 88
0, pwrDraw , 1670704647164207, 88
0, pwrDraw , 1670704646264192, 88
0, pwrDraw , 1670704646364314, 88
0, pwrDraw , 1670704646464309, 88
0, pwrDraw , 1670704646564283, 88
0, pwrDraw , 1670704646664267, 88
0, temp    , 1670704647248852, 48
0, memUtil , 1670704646309555, 0
0, memUtil , 1670704646476568, 0
0, memUtil , 1670704646643569, 0
0, memUtil , 1670704646810560, 0
0, memUtil , 1670704646977563, 0
0, memUtil , 1670704647144582, 0
0, gpuUtil , 1670704646309555, 0
0, gpuUtil , 1670704646476568, 0
0, gpuUtil , 1670704646643569, 0
0, gpuUtil , 1670704646810560, 0
0, gpuUtil , 1670704646977563, 0
0, gpuUtil , 1670704647144582, 0
0, encUtil , 1670704646309555, 0
0, encUtil , 1670704646476568, 0
0, encUtil , 1670704646643569, 0
0, encUtil , 1670704646810560, 0
0, encUtil , 1670704646977563, 0
0, encUtil , 1670704647144582, 0
0, decUtil , 1670704646309555, 0
0, decUtil , 1670704646476568, 0
0, decUtil , 1670704646643569, 0
0, decUtil , 1670704646810560, 0
0, decUtil , 1670704646977563, 0
0, decUtil , 1670704647144582, 0
0, violPwr , 1670704647255176, 0
0, violThm , 1670704647255465, 0
0, pwrDraw , 1670704646864184, 88
0, pwrDraw , 1670704646964300, 88
0, pwrDraw , 1670704647064225, 88
0, pwrDraw , 1670704647164207, 88
0, pwrDraw , 1670704647264314, 89
0, pwrDraw , 1670704647364374, 88
0, pwrDraw , 1670704647464222, 88
0, pwrDraw , 1670704647564348, 88
0, pwrDraw , 1670704647664193, 88
0, pwrDraw , 1670704647764252, 88
0, pwrDraw , 1670704647864174, 88
0, pwrDraw , 1670704647964227, 88
0, pwrDraw , 1670704648064283, 88
0, pwrDraw , 1670704648164184, 88
0, temp    , 1670704648256348, 48
0, memUtil , 1670704647311531, 0
0, memUtil , 1670704647478521, 0
0, memUtil , 1670704647645522, 0
0, memUtil , 1670704647812513, 0
0, memUtil , 1670704647979516, 0
0, memUtil , 1670704648146510, 0
0, gpuUtil , 1670704647311531, 0
0, gpuUtil , 1670704647478521, 0
0, gpuUtil , 1670704647645522, 0
0, gpuUtil , 1670704647812513, 0
0, gpuUtil , 1670704647979516, 0
0, gpuUtil , 1670704648146510, 0
0, encUtil , 1670704647311531, 0
0, encUtil , 1670704647478521, 0
0, encUtil , 1670704647645522, 0
0, encUtil , 1670704647812513, 0
0, encUtil , 1670704647979516, 0
0, encUtil , 1670704648146510, 0
0, decUtil , 1670704647311531, 0
0, decUtil , 1670704647478521, 0
0, decUtil , 1670704647645522, 0
0, decUtil , 1670704647812513, 0
0, decUtil , 1670704647979516, 0
0, decUtil , 1670704648146510, 0
0, violPwr , 1670704648262670, 0
0, violThm , 1670704648262989, 0
0, pwrDraw , 1670704648264218, 89
0, pwrDraw , 1670704648364344, 89
0, pwrDraw , 1670704648464251, 89
0, pwrDraw , 1670704648564312, 88
0, pwrDraw , 1670704648664228, 88
0, pwrDraw , 1670704648764303, 88
0, pwrDraw , 1670704648864358, 89
0, pwrDraw , 1670704648964338, 89
0, pwrDraw , 1670704649064284, 89
0, pwrDraw , 1670704649164419, 88
0, temp    , 1670704649263854, 47
0, memUtil , 1670704648313486, 0
0, memUtil , 1670704648480560, 0
0, memUtil , 1670704648647547, 0
0, memUtil , 1670704648814571, 0
0, memUtil , 1670704648981583, 0
0, memUtil , 1670704649148546, 0
0, gpuUtil , 1670704648313486, 0
0, gpuUtil , 1670704648480560, 0
0, gpuUtil , 1670704648647547, 0
0, gpuUtil , 1670704648814571, 0
0, gpuUtil , 1670704648981583, 0
0, gpuUtil , 1670704649148546, 0
0, encUtil , 1670704648313486, 0
0, encUtil , 1670704648480560, 0
0, encUtil , 1670704648647547, 0
0, encUtil , 1670704648814571, 0
0, encUtil , 1670704648981583, 0
0, encUtil , 1670704649148546, 0
0, decUtil , 1670704648313486, 0
0, decUtil , 1670704648480560, 0
0, decUtil , 1670704648647547, 0
0, decUtil , 1670704648814571, 0
0, decUtil , 1670704648981583, 0
0, decUtil , 1670704649148546, 0
0, violPwr , 1670704649270213, 0
0, violThm , 1670704649270510, 0
0, pwrDraw , 1670704649264268, 89
0, pwrDraw , 1670704649364412, 89
0, pwrDraw , 1670704649464492, 89
0, pwrDraw , 1670704649564430, 89
0, pwrDraw , 1670704649664448, 89
0, pwrDraw , 1670704649764432, 89
0, pwrDraw , 1670704649864409, 88
0, pwrDraw , 1670704649964504, 89
0, pwrDraw , 1670704650064360, 89
0, pwrDraw , 1670704650164473, 89
0, pwrDraw , 1670704650264430, 89
0, temp    , 1670704650271355, 48
0, memUtil , 1670704649315567, 0
0, memUtil , 1670704649482660, 0
0, memUtil , 1670704649649652, 0
0, memUtil , 1670704649816689, 0
0, memUtil , 1670704649983663, 0
0, memUtil , 1670704650150655, 0
0, gpuUtil , 1670704649315567, 0
0, gpuUtil , 1670704649482660, 0
0, gpuUtil , 1670704649649652, 0
0, gpuUtil , 1670704649816689, 0
0, gpuUtil , 1670704649983663, 0
0, gpuUtil , 1670704650150655, 0
0, encUtil , 1670704649315567, 0
0, encUtil , 1670704649482660, 0
0, encUtil , 1670704649649652, 0
0, encUtil , 1670704649816689, 0
0, encUtil , 1670704649983663, 0
0, encUtil , 1670704650150655, 0
0, decUtil , 1670704649315567, 0
0, decUtil , 1670704649482660, 0
0, decUtil , 1670704649649652, 0
0, decUtil , 1670704649816689, 0
0, decUtil , 1670704649983663, 0
0, decUtil , 1670704650150655, 0
0, violPwr , 1670704650277653, 0
0, violThm , 1670704650277934, 0
0, pwrDraw , 1670704650364514, 89
0, pwrDraw , 1670704650464550, 89
0, pwrDraw , 1670704650564608, 89
0, pwrDraw , 1670704650664443, 89
0, pwrDraw , 1670704650764581, 88
0, pwrDraw , 1670704650864429, 89
0, pwrDraw , 1670704650964489, 89
0, pwrDraw , 1670704651064427, 89
0, pwrDraw , 1670704651164460, 89
0, pwrDraw , 1670704651264514, 89
0, temp    , 1670704651278888, 48
0, memUtil , 1670704650317667, 0
0, memUtil , 1670704650484704, 0
0, memUtil , 1670704650651695, 0
0, memUtil , 1670704650818694, 0
0, memUtil , 1670704650985686, 0
0, memUtil , 1670704651152658, 0
0, gpuUtil , 1670704650317667, 0
0, gpuUtil , 1670704650484704, 0
0, gpuUtil , 1670704650651695, 0
0, gpuUtil , 1670704650818694, 0
0, gpuUtil , 1670704650985686, 0
0, gpuUtil , 1670704651152658, 0
0, encUtil , 1670704650317667, 0
0, encUtil , 1670704650484704, 0
0, encUtil , 1670704650651695, 0
0, encUtil , 1670704650818694, 0
0, encUtil , 1670704650985686, 0
0, encUtil , 1670704651152658, 0
0, decUtil , 1670704650317667, 0
0, decUtil , 1670704650484704, 0
0, decUtil , 1670704650651695, 0
0, decUtil , 1670704650818694, 0
0, decUtil , 1670704650985686, 0
0, decUtil , 1670704651152658, 0
0, violPwr , 1670704651285184, 0
0, violThm , 1670704651285475, 0
0, pwrDraw , 1670704651364649, 89
0, pwrDraw , 1670704651464483, 89
0, pwrDraw , 1670704651564551, 89
0, pwrDraw , 1670704651664398, 89
0, pwrDraw , 1670704651764524, 89
0, pwrDraw , 1670704651864444, 89
0, pwrDraw , 1670704651964478, 89
0, pwrDraw , 1670704652064531, 89
0, pwrDraw , 1670704652164474, 89
0, pwrDraw , 1670704652264459, 89
0, temp    , 1670704652286440, 48
0, memUtil , 1670704651319682, 0
0, memUtil , 1670704651486694, 0
0, memUtil , 1670704651653687, 0
0, memUtil , 1670704651820681, 0
0, memUtil , 1670704651987669, 0
0, memUtil , 1670704652154641, 0
0, gpuUtil , 1670704651319682, 0
0, gpuUtil , 1670704651486694, 0
0, gpuUtil , 1670704651653687, 0
0, gpuUtil , 1670704651820681, 0
0, gpuUtil , 1670704651987669, 0
0, gpuUtil , 1670704652154641, 0
0, encUtil , 1670704651319682, 0
0, encUtil , 1670704651486694, 0
0, encUtil , 1670704651653687, 0
0, encUtil , 1670704651820681, 0
0, encUtil , 1670704651987669, 0
0, encUtil , 1670704652154641, 0
0, decUtil , 1670704651319682, 0
0, decUtil , 1670704651486694, 0
0, decUtil , 1670704651653687, 0
0, decUtil , 1670704651820681, 0
0, decUtil , 1670704651987669, 0
0, decUtil , 1670704652154641, 0
0, violPwr , 1670704652292740, 0
0, violThm , 1670704652293021, 0
0, pwrDraw , 1670704652364582, 89
0, pwrDraw , 1670704652464440, 89
0, pwrDraw , 1670704652564500, 89
0, pwrDraw , 1670704652664424, 89
0, pwrDraw , 1670704652764474, 88
0, pwrDraw , 1670704652864530, 89
0, pwrDraw , 1670704652964499, 89
0, pwrDraw , 1670704653064491, 89
0, pwrDraw , 1670704653164590, 89
0, pwrDraw , 1670704653264439, 89
0, temp    , 1670704653293943, 48
0, memUtil , 1670704652321665, 0
0, memUtil , 1670704652488692, 0
0, memUtil , 1670704652655658, 0
0, memUtil , 1670704652822670, 0
0, memUtil , 1670704652989682, 0
0, memUtil , 1670704653156654, 0
0, gpuUtil , 1670704652321665, 0
0, gpuUtil , 1670704652488692, 0
0, gpuUtil , 1670704652655658, 0
0, gpuUtil , 1670704652822670, 0
0, gpuUtil , 1670704652989682, 0
0, gpuUtil , 1670704653156654, 0
0, encUtil , 1670704652321665, 0
0, encUtil , 1670704652488692, 0
0, encUtil , 1670704652655658, 0
0, encUtil , 1670704652822670, 0
0, encUtil , 1670704652989682, 0
0, encUtil , 1670704653156654, 0
0, decUtil , 1670704652321665, 0
0, decUtil , 1670704652488692, 0
0, decUtil , 1670704652655658, 0
0, decUtil , 1670704652822670, 0
0, decUtil , 1670704652989682, 0
0, decUtil , 1670704653156654, 0
0, violPwr , 1670704653300259, 0
0, violThm , 1670704653300547, 0
0, pwrDraw , 1670704653364576, 89
0, pwrDraw , 1670704653464483, 89
0, pwrDraw , 1670704653564568, 89
0, pwrDraw , 1670704653664572, 89
0, pwrDraw , 1670704653764531, 89
0, pwrDraw , 1670704653864499, 89
0, pwrDraw , 1670704653964628, 89
0, pwrDraw , 1670704654064481, 89
0, pwrDraw , 1670704654164598, 89
0, pwrDraw , 1670704654264529, 89
0, temp    , 1670704654301557, 48
0, memUtil , 1670704653323683, 0
0, memUtil , 1670704653490687, 0
0, memUtil , 1670704653657675, 0
0, memUtil , 1670704653824712, 0
0, memUtil , 1670704653991699, 0
0, memUtil , 1670704654158681, 0
0, gpuUtil , 1670704653323683, 0
0, gpuUtil , 1670704653490687, 0
0, gpuUtil , 1670704653657675, 0
0, gpuUtil , 1670704653824712, 0
0, gpuUtil , 1670704653991699, 0
0, gpuUtil , 1670704654158681, 0
0, encUtil , 1670704653323683, 0
0, encUtil , 1670704653490687, 0
0, encUtil , 1670704653657675, 0
0, encUtil , 1670704653824712, 0
0, encUtil , 1670704653991699, 0
0, encUtil , 1670704654158681, 0
0, decUtil , 1670704653323683, 0
0, decUtil , 1670704653490687, 0
0, decUtil , 1670704653657675, 0
0, decUtil , 1670704653824712, 0
0, decUtil , 1670704653991699, 0
0, decUtil , 1670704654158681, 0
0, violPwr , 1670704654307918, 0
0, violThm , 1670704654308211, 0
0, pwrDraw , 1670704654364628, 89
0, pwrDraw , 1670704654464635, 89
0, pwrDraw , 1670704654564618, 89
0, pwrDraw , 1670704654664566, 89
0, pwrDraw , 1670704654764665, 89
0, pwrDraw , 1670704654864514, 89
0, pwrDraw , 1670704654964637, 89
0, pwrDraw , 1670704655064543, 89
0, pwrDraw , 1670704655164625, 89
0, pwrDraw , 1670704655264674, 89
0, temp    , 1670704655318291, 48
0, memUtil , 1670704654325733, 0
0, memUtil , 1670704654492730, 0
0, memUtil , 1670704654659718, 0
0, memUtil , 1670704654826730, 0
0, memUtil , 1670704654993744, 0
0, memUtil , 1670704655160715, 0
0, gpuUtil , 1670704654325733, 0
0, gpuUtil , 1670704654492730, 0
0, gpuUtil , 1670704654659718, 0
0, gpuUtil , 1670704654826730, 0
0, gpuUtil , 1670704654993744, 0
0, gpuUtil , 1670704655160715, 0
0, encUtil , 1670704654325733, 0
0, encUtil , 1670704654492730, 0
0, encUtil , 1670704654659718, 0
0, encUtil , 1670704654826730, 0
0, encUtil , 1670704654993744, 0
0, encUtil , 1670704655160715, 0
0, decUtil , 1670704654325733, 0
0, decUtil , 1670704654492730, 0
0, decUtil , 1670704654659718, 0
0, decUtil , 1670704654826730, 0
0, decUtil , 1670704654993744, 0
0, decUtil , 1670704655160715, 0
0, violPwr , 1670704655324627, 0
0, violThm , 1670704655324905, 0
0, pwrDraw , 1670704655364769, 89
0, pwrDraw , 1670704655464600, 89
0, pwrDraw , 1670704655564741, 89
0, pwrDraw , 1670704655664704, 87
0, pwrDraw , 1670704655764880, 86
0, pwrDraw , 1670704655864983, 85
0, pwrDraw , 1670704655964859, 85
0, pwrDraw , 1670704656064916, 85
0, pwrDraw , 1670704656165049, 85
0, pwrDraw , 1670704656264880, 85
0, temp    , 1670704656332234, 48
0, memUtil , 1670704655327738, 0
0, memUtil , 1670704655494743, 0
0, memUtil , 1670704655661876, 0
0, memUtil , 1670704655828983, 0
0, memUtil , 1670704655995995, 0
0, memUtil , 1670704656163038, 0
0, memUtil , 1670704656329992, 0
0, gpuUtil , 1670704655327738, 0
0, gpuUtil , 1670704655494743, 0
0, gpuUtil , 1670704655661876, 3
0, gpuUtil , 1670704655828983, 0
0, gpuUtil , 1670704655995995, 0
0, gpuUtil , 1670704656163038, 0
0, gpuUtil , 1670704656329992, 0
0, encUtil , 1670704655327738, 0
0, encUtil , 1670704655494743, 0
0, encUtil , 1670704655661876, 0
0, encUtil , 1670704655828983, 0
0, encUtil , 1670704655995995, 0
0, encUtil , 1670704656163038, 0
0, encUtil , 1670704656329992, 0
0, decUtil , 1670704655327738, 0
0, decUtil , 1670704655494743, 0
0, decUtil , 1670704655661876, 0
0, decUtil , 1670704655828983, 0
0, decUtil , 1670704655995995, 0
0, decUtil , 1670704656163038, 0
0, decUtil , 1670704656329992, 0
0, procClk , 1670704655594743, 1202
0, memClk  , 1670704655594743, 3004
0, violPwr , 1670704656337567, 0
0, violThm , 1670704656337846, 0
0, pwrDraw , 1670704656364989, 85
0, pwrDraw , 1670704656464825, 85
0, pwrDraw , 1670704656564932, 85
0, pwrDraw , 1670704656664930, 85
0, pwrDraw , 1670704656764914, 84
0, pwrDraw , 1670704656864941, 85
0, pwrDraw , 1670704656964863, 85
0, pwrDraw , 1670704657064881, 85
0, pwrDraw , 1670704657165024, 85
0, pwrDraw , 1670704657264863, 85
0, temp    , 1670704657344539, 48
0, memUtil , 1670704656497019, 0
0, memUtil , 1670704656664019, 0
0, memUtil , 1670704656830997, 0
0, memUtil , 1670704656998018, 0
0, memUtil , 1670704657165080, 0
0, memUtil , 1670704657332005, 0
